OD站点名称,共用线路的名称
一期公寓(临时站),2
丁各庄,12
丁家滩,6
丁家滩北口,3
七北南路西口,2
七圣南路,2
七圣路北口,2
七圣路南口,2
七孔桥,7
七星东街,2
七星园,4
七星路,4
七星路南口,8
七棵树桥东,4
七级村,4
七贤村路口北,4
七贤村路口南,4
七里庄,29
七里庄路,2
七里店,2
七里店村,2
七里渠,8
七里渠东,4
七里渠北村,2
七里渠南口,2
七里渠南村东,2
七里渠西桥,6
七零一厂,4
万丰路南口,7
万乐小区东门,2
万华城,2
万子营,2
万子营路南口,2
万宁桥,12
万安,2
万寿寺,24
万寿庄,2
万寿庄西,2
万寿路口东,5
万寿路口北,8
万寿路口南,7
万寿路口西,16
万怡小区,2
万明路,3
万柳东路,2
万柳东路南口,2
万柳中路,6
万柳中路北口,9
万柳中路南口,8
万泉庄,17
万泉庄路,2
万泉河桥东,8
万泉河桥南,15
万泉河路,5
万源南路东口,2
万源街东站,10
万源街西口,16
万源路,16
万盛中一街,3
万盛中二街,2
万盛北街,8
万盛北街东口,2
万盛北里,2
万盛南街,8
万盛南街南口,6
万科城市花园,2
万窑村,2
万红西街,4
万红路东口,2
万芳园一区,7
万芳园二区,6
万芳桥东,8
万芳桥北,6
万芳桥南,6
万象新天一区,4
万象新天三区,4
万象汇橡树湾小区,2
丈头村,2
丈头村东,2
三一六医院,4
三中巷,4
三义庙,20
三元庵,4
三元村,20
三元村南,4
三元桥,23
三元桥东站,13
三元桥南,16
三元桥西站,14
三十亩地村,2
三台山北,2
三台山南,2
三号桥,7
三合南里,4
三合庄,4
三合庄园,13
三垡北口,4
三垡南口,4
三塔寺,12
三孔桥,2
三家店,12
三家店东口,12
三家店中街,2
三家店后街,2
三家店火车站,2
三家店西口,14
三山家园,4
三岔河,6
三岔河北站,8
三岔河南站,8
三星庄,2
三星庄南口,6
三桥子路口,2
三槐堂,6
三河一中,2
三河农机驾校,2
三河国土资源局,2
三河地税局,2
三河市政府,2
三河总站,2
三河李家务,6
三环英和医院,2
三福村,2
三福村路口,2
三羊里,5
三营门,16
三营门东,4
三营门南,2
三街坊,4
三路居,19
三路居公交场站,2
三路居站,2
三里墩,2
三里屯,18
三里河东口,11
三里河东路南口,14
三间房东路北口,2
三间房村,10
三间房村委会,2
三黄庄村路口,2
上上城二期,4
上上城五期,6
上上城四期,4
上东廓,2
上东廓桥东,2
上东廓桥西,2
上口村,2
上园路南口,2
上地七街,22
上地七街路口东,3
上地七街路口西,2
上地三街东口,23
上地三街西口,14
上地九街西口,6
上地五街,22
上地五街东口,3
上地佳园,4
上地六街东口,4
上地南口,22
上地南路,9
上地四街东口,3
上地桥东,26
上地桥西,6
上地西里,15
上坡佳园西门,12
上坡村,2
上坡路口西,4
上岸,2
上岸东站,2
上庄东小营,6
上庄东小营东口,2
上庄东小营北口,4
上庄东小营村,2
上庄南口,6
上庄卫生院,6
上庄水库,6
上庄水库南站,6
上庄永泰庄,2
上庄路口东,8
上庄路口北,6
上庄镇,6
上庄镇南站,6
上庄馨悦家园,2
上店村北口,6
上店村路口,14
上念头村,4
上林苑小区,2
上清桥南,6
上清水,2
上苑,2
上辇,2
上辛堡,2
上马头,2
下元,5
下口村,2
下坡店,4
下坡店北,2
下庄,4
下庄村,2
下念头村,2
下清水,2
下纸寨,2
下花园,2
下苇甸,2
下苇甸村,2
下苇甸桥,4
下西市南,4
下辛堡,2
下辛堡东,2
下马岭,2
下黎城村,2
世华水岸小区,2
世华泊郡小区,2
世安家园,8
世涛天朗小区南门,6
世界公园,12
世界地热博览园,6
世界花卉大观园,4
世纪东方嘉园,3
世纪名苑,6
世纪村,12
东三旗,22
东上园,8
东下营村,2
东二旗村,6
东二旗村西站,4
东二道河,2
东亚上北小区,6
东亚家园,4
东仙坡南,2
东侧路,18
东便门,13
东八里庄,28
东八间房,10
东关南里小区南门,8
东关大桥,21
东关大桥南,2
东关大桥站,3
东内小街,14
东冉村,23
东刘庄村,2
东刘村,2
东北旺,10
东北旺中路,8
东北旺中路南口,4
东北旺北,16
东北旺西,5
东北旺西路北口,10
东十里堡村,15
东十里堡路,2
东升园,10
东半壁店村,2
东单路口东,10
东单路口北,18
东单路口南,5
东单路口西,2
东南章,2
东周各庄,2
东四九条,6
东四六条,6
东四十二条,10
东四十条,16
东四十条桥东,18
东四十条桥南,6
东四十条桥西,17
东四块玉,3
东四路口东,10
东四路口南,12
东园村,2
东土城路,6
东土城路南口,4
东坝,10
东坝中路,12
东坝南,2
东坝家园东站,12
东坝家园西站,12
东坝西北门,2
东坟公交场站,4
东坟村西口,2
东城三里河,9
东埠头路西口,4
东堡村,2
东夏园路口东,8
东夏园路口北,8
东夏园路口南,5
东大桥,3
东大桥东站,9
东大桥公交场站,14
东大桥路口东,16
东大桥路口北,16
东大桥路口南,4
东大桥路口西,7
东大街,10
东大街北口,8
东大街南口,10
东安街头条,3
东安门,6
东安门大街,4
东官房,20
东定安村,2
东寺庄村,10
东寺渠,2
东小井,6
东小口,25
东小口村东,2
东小口村委会,2
东小口路口西,2
东小营,4
东小营公交场站,8
东小马,2
东局,11
东局南,12
东岗子,10
东庄,2
东庄子,4
东庄子南(临时站),2
东庄子村南,6
东店,2
东总屯,2
东惠家园,2
东惠家园东,4
东惠家园南,2
东方夏威夷小区东门,2
东方夏威夷小区西,4
东方夏威夷小区西门,2
东方大讲堂(临时站),3
东方太阳城,2
东方太阳城西门,2
东方时尚驾校东门,2
东方时尚驾校东门(临时站),2
东旭新村,2
东旭花园小区,2
东晓市,2
东智北,4
东智西,4
东杏园南(临时站),2
东村家园东门,2
东村家园南门,2
东杜兰,2
东架松,5
东柳,11
东柳河屯,5
东桑园,4
东榆林,2
东水峪村,2
东永何屯,4
东沙各庄,9
东沙各庄公交场站,2
东沙屯,4
东沙屯南,4
东沙屯西站,4
东河各庄村,2
东沿头,2
东洲家园,8
东洲家园南,8
东海洪,2
东港村,2
东湖,18
东潞苑小区,4
东潞苑小区西,2
东灰岭,2
东王佐,12
东环北路,8
东环北路北口,7
东田阳,4
东田阳村,2
东田阳村西口,2
东田阳西口,4
东直门,25
东直门内,15
东直门北,13
东直门北小街北口,7
东直门北小街南口,7
东直门医院通州院区,4
东直门外,13
东直门枢纽站,27
东石村桥南,3
东石槽,2
东租村,2
东窑村,4
东窑村北,4
东窑村口,6
东窑路,2
东羊庄新村,6
东翠路口,14
东老店,2
东胡林,6
东花园镇,2
东苇路北口,4
东茶坞道口,2
东菜园小区,2
东营,2
东营房,4
东蔡各庄,2
东贯市,2
东赵村,2
东辛店,18
东辛店中街南口,2
东辛房,6
东辛房街东口,2
东辛房西,6
东郊农场,17
东郊农场西站,8
东铁营桥东,6
东风北桥,4
东风北桥东,16
东风北桥南,2
东风南路西口,2
东风小学,12
东马各庄村,8
东高地,12
东鲁村中街,2
东鲁村大桥,2
东鲁村大队,2
东黄垡村,2
东黄城根北口,6
中仓,2
中信新城东区东门,2
中信新城西区西门,2
中关园,24
中关园北站,24
中关村一街,21
中关村东,8
中关村北,12
中关村南,26
中关村西,13
中华民族园,2
中国公安大学东站,2
中国公安大学西站,6
中国农业大学东校区,12
中国农业大学西校区,18
中国农业科学院,20
中国农业科学院南门,10
中国园林博物馆,4
中国戏曲学院,9
中国戏曲学院(临时站),4
中国戏曲学院站,9
中国政法大学(昌平),12
中国政法大学北门(昌平),6
中国现代文学馆,9
中国经济时报社,6
中国音乐学院,2
中坞,16
中堡,2
中堡北站,2
中央党校东站,4
中央党校北门,8
中央民族大学,24
中央美院城市设计学院,4
中山,2
中山口路,2
中山西街,6
中庄,2
中新佳园,2
中日医院,23
中核路口东,4
中核路西口,4
中海九号公馆小区,4
中海枫涟山庄东门,9
中海枫涟山庄北门,10
中滩,6
中滩北站,4
中灿苑小区南门,2
中石油廊坊分院,2
中科院地理所,13
中科院植物园,12
中芯国际,2
中芯花园,11
中苑宾馆,2
中赵甫村,6
中铁十九局,2
中门寺生态园,4
中门寺街,2
中门花园,4
中顶村,8
丰体时代花园,8
丰北桥东,15
丰台体育中心,9
丰台体育中心南门,4
丰台北路,25
丰台医院,12
丰台太平桥,2
丰台李家坟,6
丰台李家坟南,2
丰台桥梁厂,2
丰台梨园村,2
丰台河西村,4
丰台瓦窑村东口,2
丰台苇子坑,6
丰台西站,4
丰台路口,21
丰台路口东,9
丰台路口西,12
丰台辛庄,6
丰台辛庄东站,6
丰善,6
丰宁客运站,2
丰户营,4
丰户营西站,4
丰泽家园小区,2
丰润东路,4
丰润中路,4
丰润中路东口,4
丰滢路口北,7
丰滢路口南,7
丰益桥北,6
丰益桥南,8
丰益桥西,8
丰盛胡同,6
丰管路,4
丰茂南路西口,4
丰葆路东口,8
丰西北里,4
丰贤东路西口,2
丰贤中路,6
丰贤中路西站,4
丰贤路口南,8
临时站,8
临沟屯村,2
临河里路,7
临河里路北口,9
临河里路南口,5
为公桥,18
丽园小区,4
丽园路,2
丽园路公交场站,4
丽园路口北,2
丽园路西口,2
丽景长安小区北,8
丽水园,16
丽泽桥,30
丽泽桥东,14
丽泽桥东站,4
丽泽桥北,5
丽泽桥南,9
丽泽桥西,10
丽都饭店,19
乃干屯,2
乃干屯西,2
久敬佳园,2
久敬庄,20
久敬庄路西口,2
义和庄,2
义和庄东里,2
义和庄北口,6
乐园路口南,2
乔庄,19
乔庄东站,2
乔庄北街,8
乔庄村,2
九八四医院,2
九华山庄,2
九台庄园,4
九台庄园东站,2
九台庄园西站,4
九棵树,26
九棵树站,26
九王坟,4
九龙家园东区,2
九龙山,18
九龙山庄,13
九龙山路南口,2
九龙山路口东,12
九龙山路口西,14
九龙花园,20
乡村赛马场,6
二七剧场路北口,6
二七厂,4
二七厂北,6
二七通信工厂,2
二六三医院,3
二合庄,2
二堡,2
二拨子,14
二拨子新村,6
二拨子新村东,4
二拨子新村南,2
二拨子村委会,2
二老庄,4
二里庄,16
二里庄北口,12
二里庄南口,12
二里沟,6
二里沟东口,25
二里沟西口,10
二龙岗,4
二龙路北口,2
二龙闸路,2
于善街西口,2
于家务,4
于家务一桥,5
于家务村东口,2
于家务村西口,8
于家园,5
于家园一区,2
于家围,6
于家围南,4
于庄子,6
于辛庄村,2
云佛山滑雪场,4
云北小区,4
云居寺路东口,3
云岗,21
云岗北区,16
云峰寺,2
云景东路,12
云景南大街东口,3
云景里,12
云景里南区,4
云杉路口西,4
云趣园二区东门,4
五一剧场,2
五一路北口,2
五侯,2
五侯路口,4
五元桥西,4
五号井小区,4
五圈路,2
五圈路西站,2
五孔桥,18
五方桥东,3
五方桥西,8
五棵松桥东,12
五棵松桥北,10
五棵松桥南,6
五棵松桥西,4
五爱屯,10
五爱屯西街,2
五福路,5
五福路北口,11
五芳园,2
五路,13
五路(北行),3
五路居,13
五路居南街,2
五路居南街南口,4
五路居路东口,2
五路桥,32
五道口,14
五道口公交场站,3
五里仓,2
五里坨,14
五里坨东街,2
五里坨西街,2
五里店,12
五里店东站,12
五里店西站,10
五里桥,8
五里桥一街,3
五里桥路口北,6
五里桥路口西,2
五里沟,10
五间楼,7
亚运村,12
亢山广场,10
交大东路,7
交大东路北口,7
交通局,2
交通干部管理学院,12
交道口东,6
交道口南,14
亦城景园,6
亦城科创家园,2
亦庄体育中心,10
亦庄北环西路,2
亦庄医院南院,2
亦庄桥北,9
亦庄桥南,10
亦庄第二中心小学,2
京东方,2
京东运乔建材城,23
京体游泳馆,3
京包路,7
京包路北站,6
京包路南站,8
京南嘉园,2
京原东站,29
京原路口东,33
京原路口西,13
京密路丽都饭店,23
京师园,9
京张路口东,2
京张路口北,2
京旺东路,4
京旺东路南口,6
京旺中路,2
京旺家园一区,6
京旺家园七区,2
京旺家园五区,2
京昌路回龙观,14
京溪小区,4
京煤集团,17
京燕饭店,27
京科苑,2
京铁和园,5
京顺东街,6
京顺东街口,2
亮果厂,9
亮甲店,8
亮甲店西站,10
亮马厂,6
亮马厂西口,6
亮马桥,27
人大附中经开学校,10
人民医院通州院区,2
人民大学,24
人民大学西门,12
人民村,6
人民村北站,4
什坊院,13
仁和医院,4
仇庄村,2
仓上小区,8
仓上街,2
仓头,4
仓房小区,12
仙人桥,2
仙人洞村,2
任庄村,4
任庄村东口,2
任辛庄村,4
任辛庄村东,2
会城门,4
会昌街,2
佃起村,10
住建局,2
住欣家园,4
体育公园北门,6
体育场南路东口,6
体育场南路西口,2
体育场小区,2
何各庄,2
何各庄西口,2
何家坟,6
佛子庄乡南河,2
佛子庄乡政府,2
佛子庄西口,2
佟家坟,12
佟庄村,2
佟馨家园南,4
佰嘉城小区东门,2
佰富苑,6
佳世苑小区,2
佳运园,2
侉子店村,3
供给店村,4
侯东仪村,2
侯各庄村,2
侯家峪,4
侯庄子,20
侯庄子新村,2
侯庄路口北,10
侯庄路口南,11
侯谭路口,4
侯黄庄,2
侯黄庄村,2
便民街东口,12
便民街西口,2
保利百合花园,2
保利芳园小区,2
保福寺桥北,8
保福寺桥南,13
保福寺桥西,15
保野路口,2
俸伯,12
俸伯小学,12
倚山嘉园,6
倚林佳园东门,10
倪家村,2
健德门东,12
健德门北,5
健德门西,14
健翔桥东,11
健翔桥西,9
儿童医院路口西,6
兆丰桥,2
先农坛,30
光华桥北,9
光华桥南,6
光华桥西,4
光华路东口,4
光华路口东,4
光彩路北站,4
光明桥,11
光明桥东,24
光明楼,20
光熙门北里,2
光辉桥南,16
光阳小区,6
八一射击场,4
八一湖,18
八仙庄东,2
八仙庄北大街,2
八仙庄南大街,2
八仙庄西,8
八各庄村,4
八大处南站,8
八奇洞,2
八宝山,15
八宝庄,6
八家,2
八家嘉园,4
八棵杨中街,2
八棵杨北街,3
八王坟东,21
八王坟北,17
八王坟南,20
八王坟西,14
八角,20
八角北路,2
八角北路东站,2
八角北路西口,2
八角北路西站,2
八角南路,2
八角南路东口,2
八角西街,12
八角西街北口,6
八角路,2
八角路东口,2
八达岭,4
八达岭镇政府,3
八达岭长城,4
八里庄北里,8
八里庄北里东站,8
八里庄南里,14
八里庄桥,6
八里店,2
八里店东口,2
八里桥,16
八里桥北站,6
八里河,10
公主坟,10
公主坟东,10
公主坟北,18
公主坟南,24
公主坟南站,2
公主坟西,22
公交技校,2
公交驾校,10
公共艺术小镇,2
公和庄,2
公园懿府小区,4
公安大学,6
公庄,2
公益东桥,7
公益东桥北,4
公益东桥西,10
公益桥,13
公益桥东,4
公益桥北,5
公益西桥,4
公益西桥东,2
公益西桥北,12
公益西桥西,8
六号井小区,4
六合园北,5
六合庄,2
六合庄村,2
六合庄村东,2
六合庄路南口,2
六合新村,2
六合村,4
六合桥路口北,2
六圈,12
六圈南路中口,8
六圈路西口,4
六营门,4
六道口,6
六郎庄,9
六郎庄村北口,2
六郎庄村南口,2
六郎庄村西口,2
六郎庄西口,6
六部口,3
六里桥东,43
六里桥东公交场站,2
六里桥东站,4
六里桥北,12
六里桥北里,40
六里桥南,29
六里桥西,14
六里桥长途站,2
六铺炕,8
兰各庄东站,2
兰各庄北站,2
关东店,14
关庄路东口,2
关辛庄,2
关辛庄村,4
兴业大街南口,2
兴丰街南口,2
兴云小区,4
兴化路南口,6
兴华中街,4
兴华公园,6
兴华南街,4
兴华南街东口,2
兴华园,10
兴华桥南,4
兴各庄,4
兴安堡路口,2
兴寿,2
兴寿东站,2
兴寿北站,6
兴寿草莓园,4
兴寿镇政府,2
兴寿镇政府东,2
兴怀大街东口,2
兴惠艺术园区,3
兴政街东口,20
兴政街西口,8
兴昌佳苑,2
兴武林村北口,2
兴武林村南口,2
兴海公园,12
兴海学校,12
兴海家园,2
兴海路东口,2
兴源路,9
兴源路口北,4
兴源路西口,6
兴礼检查站,4
兴良路东口,8
兴苇北街,2
兴苇南街东站,2
兴谷路公交场站,2
兴贸一街,5
兴贸一街东站,2
兴贸三街,2
兴贸二街,2
兴贸二街东站,4
兴达广场小区,12
兴都苑小区,2
兴隆中街,4
兴隆家园,4
兴隆家园南区,4
兴隆庄村,2
兴隆街,2
内军庄村,2
内军庄村西,2
内环西路北口,3
再城营,2
军事博物馆,21
军事科学院,4
军响,2
军屯村,2
军屯村西口,2
军庄,2
军庄中学,2
军庄村,2
军留庄,4
军都度假村,2
军需站,2
农业展览馆,18
农光东里,9
农大南路西口,10
农展馆北路,2
农展馆北路东口,2
农展馆北路西口,2
冠雅苑,4
冯各庄村,2
冯村,18
冯村中路东口,2
冯村中路南口,2
冯村公交场站,4
冯村南口,8
冯村大桥,6
冯西园,6
冯西园东,2
冰窖口胡同西口,4
冷泉公交场站,2
冷泉村,4
冷泉村北,8
净水街,2
凉水河一街西口,2
凉水河二街,2
凉水河二街东口,2
凉水河桥北,9
凉水河桥南,27
凌庄,6
凤仪佳苑一里,2
凤仪佳苑七里,6
凤仪佳苑二里,2
凤仪佳苑八里,6
凤仪佳苑六里,4
凤凰岭,4
凤河营,2
分钟寺,2
分钟寺桥西,5
刘各庄,4
刘各庄北,4
刘园市场,6
刘夏路南口,2
刘娘府北街北口,4
刘家村,2
刘家窑桥东,19
刘家窑桥北,16
刘家窑桥南,6
刘家窑桥西,40
刘庄,13
刘庄北站,6
刘庄子,4
刘庄新村,2
刘庄村北口,3
刘庄西口,2
刘村,4
刘村东口,2
刘海胡同,2
刘里村,2
创新路,2
利民巷,2
利泽东街东口,5
利泽中一路,2
利泽中二路,6
利泽中街西口,24
利泽西园,4
利泽西街东口,16
前东仪村,2
前八家,5
前八家北站,3
前北营,13
前堰上村,2
前夏邢各庄,12
前寨府村,2
前屯路,4
前榆林庄村,4
前沙涧,4
前沙涧村,8
前沙涧村东,2
前泥洼,10
前渠河,2
前章村,4
前苇沟,12
前营村,2
前街,4
前街西,4
前进花园,2
前郝家疃,2
前银子村,2
前锋学校,12
前门,39
前门东,15
前门西,15
前马坊村,2
前马坊村南站,2
前鲁,2
力学胡同,2
加州小镇,3
动物园,32
动物园枢纽站,22
劲松,2
劲松中街,24
劲松南路东口,3
劲松南路西口,6
劲松桥东,24
劲松桥北,11
劲松桥南,10
勇士营,8
化工厂路口,2
化工桥东,5
化工桥西,11
化纤俱乐部,10
化肥厂路口,2
北七家,4
北七家东路南口,2
北七家工业园区,4
北七家西口,7
北下关,10
北义厚,2
北亚花园东门,8
北亚花园南站,6
北京三十九中学,7
北京世纪坛医院,10
北京东站,2
北京中医药大学(良乡),4
北京交通大学,10
北京交通大学东门,9
北京人家东门,2
北京人家北门,4
北京人家小区,6
北京人民轴承厂,2
北京会议中心,2
北京体育大学,16
北京体育馆,24
北京体育馆东,6
北京体育馆西,23
北京供电局,7
北京儿童医院,13
北京儿童医院西门,15
北京八十中学东门,8
北京农业职业学院,2
北京北站,7
北京十中,14
北京南站,20
北京南站南广场,16
北京四中,3
北京四中分校,2
北京国际图书城,4
北京国际图书城南,2
北京城市学院,12
北京大学昌平校区,2
北京大学西门,16
北京太阳城,8
北京奔驰东,2
北京奔驰西,2
北京奥林匹克花园,14
北京奥林匹克花园北站,8
北京奥林匹克花园西站,2
北京射击场,12
北京射击场东站,4
北京展览馆,16
北京工业大学,14
北京工业大学北站,14
北京工业大学南站,5
北京工业大学南门,10
北京工商大学(良乡),2
北京市商业学校,4
北京市地震局,17
北京师范大学,3
北京师范大学南门,10
北京新天地小区,2
北京朝阳站,10
北京林业大学,7
北京植物园,14
北京洋房小区,6
北京焦化厂,10
北京燕化医院,6
北京物资学院,16
北京物资学院南站,16
北京理工大学分校,4
北京理工大学附中通州校区,2
北京电机总厂,6
北京科技大学北门,11
北京站东,33
北京站东街,15
北京站前街,10
北京站口东,15
北京站口北,3
北京站口西,3
北京站西,14
北京站西街,14
北京胸科医院,26
北京航空航天大学,23
北京蟒山森林公园,2
北京西站,56
北京西站南广场,33
北京警察学院,2
北京语言大学,14
北京财贸职业学院,10
北京青年城,10
北京青年城西门,3
北兵马司,14
北军营,2
北刘各庄村,2
北医三院,7
北卫新园,4
北台,2
北土城公交场站,8
北坊村,4
北坛村北,2
北坞嘉园,4
北坞村,6
北坞村西站,6
北堤寺村,2
北塘艺术区南门,4
北大化村,2
北大国际医院东门,4
北大地,32
北大王庄,2
北大街,10
北天堂,2
北太平桥东,12
北太平桥北,15
北太平桥南,16
北太平桥西,30
北太平路东口,4
北太平路口南,8
北太平路口西,4
北安河,2
北安河公交场站,4
北安河北路东口,3
北安河西口,2
北官厅,10
北宫森林公园,4
北寨村,2
北寺村路口,2
北小园,10
北小营,2
北小营小区,2
北小街豁口,12
北尚乐,4
北岗子,10
北岗子东站,2
北岗洼,4
北岭新村,2
北工大路西口,2
北市,4
北师大路口南,23
北平里,8
北庄头,2
北庄村,2
北店嘉园,6
北房,6
北房开发区,6
北探小区,8
北控,4
北新家园,2
北新桥路口北,10
北新桥路口南,8
北新桥路口西,8
北方工业大学,7
北普陀影视城,4
北欧小镇,4
北正,4
北正东,4
北沙沟,6
北沙河西一路,2
北沙河西三路,2
北沙滩桥东,22
北沙滩桥北,6
北沙滩桥南,6
北沙滩桥西,8
北河道口,2
北洛平村,4
北洼西里,4
北洼路,28
北洼路北口,4
北洼路南口,2
北流村,2
北海,12
北海北门,22
北海南站,2
北清创意园,6
北清路西口,6
北湖渠,6
北潞园,2
北潞园公交场站,2
北玉河村,2
北玉河村东,2
北环西路,2
北甲地,5
北甸,10
北皋,22
北石家村,10
北石槽,2
北神树东口,6
北神树西口,6
北空小区,6
北纬路,9
北纬路东站,6
北线阁,9
北老君堂路口,2
北良各庄路口,4
北花园村南,2
北花市大街,3
北苑,29
北苑家园,28
北苑家园西站,26
北苑桥东,2
北苑路口东,3
北苑路大屯,14
北苑路大屯北站,24
北营门,16
北落店,2
北蒲州营,2
北蜂窝路,4
北蜂窝路南口,4
北街家园一区,4
北街家园七区西门,2
北街家园二区东门,4
北街家园五区,4
北街家园八区北,4
北街家园八区南,4
北街家园八区西门,2
北街家园六区东门,2
北街家园六区北门,2
北西租村,2
北许场新村,4
北许场村,22
北辛安,10
北辛庄,6
北辰东路,8
北辰福第小区,6
北辰西桥,11
北辰西桥北,10
北辰西桥南,8
北运河西地铁站南,3
北邵洼,6
北郊农场桥,9
北郊农场桥东,22
北郊农场桥北,3
北郊农场桥南,10
北郊农场桥西,4
北郎中,2
北郎中西口,2
北门口村,4
北门口村北口,2
北门口村桥北,2
北门口村路口,2
北马庄,8
北马庄南,14
北马庄站,2
北马房,10
医疗园路,6
医疗园路西站,8
十三陵镇政府,2
十八家村,2
十八潭,2
十八里店,14
十八里店乡政府,10
十八里店北桥,4
十八里店南桥,8
十八里店南桥东,3
十八里店南站,12
十八里店环岛,10
十里堡,26
十里堡北区,6
十里堡北里,14
十里堡路北口,2
十里堡路南口,2
十里庄村口,2
十里河村,2
十里河桥东,16
十里河桥北,28
十里河桥南,9
十里河桥西,5
十院,14
千军台,2
千军台小学,2
千军台村,2
千里马环岛,2
千顷堂街,4
半岛广场南,3
半岛广场西,5
半截塔公交场站,4
半截塔村,4
半截塔村东站,2
半截塔村北站,2
半步桥,10
华严里,13
华侨陵园,2
华北科技学院北门,4
华威南路,2
华威南路东口,6
华威桥南,9
华威西里,3
华威路南口,6
华御,2
华源三里,9
华瀚福园小区北,4
华纺易城公交场站,4
华纺易城小区,4
华联超市(临时站),3
华龙小区,3
华龙苑中里,14
华龙苑北里北门,12
华龙苑南里北门,14
协各庄村,2
卓秀北街,2
卓秀北街北口,2
单店,4
单店东,8
单店北,4
单店北站,4
单店南,2
单店村,2
单店村南,2
单店西路北口,8
单村,4
单村北口,4
南七家,4
南三间房村,2
南丰路南口,2
南五里店,14
南关西路,2
南刘各庄村,4
南刘庄,2
南十里居,12
南十里居北站,12
南华,8
南华园三区,3
南华大街东口,4
南华小区,2
南口,12
南口东站,12
南口东街,12
南口农场,4
南口农场南站,2
南口北站,4
南口李庄,2
南口李庄东站,4
南口李庄北站,4
南口村北站,2
南口村西站,2
南口西站,12
南口路口东,6
南口路口北,2
南口路口南,8
南口马坊,2
南四位路口北,2
南场东街,4
南场东街西口,4
南坞,17
南坞(北行),4
南坞(南行),6
南堤,4
南堤寺村,2
南大红门,4
南大红门桥,2
南孟,2
南安河东,4
南定福庄,2
南宫,10
南宫北站,22
南宫南站,6
南宫新苑小区,6
南宫路,2
南宫迎宾路,6
南宫迎宾路南站,4
南宫铁匠营东,2
南寺头南路,2
南寺头村,2
南小庄村,2
南小营村,2
南小街,4
南小街东里,2
南小街中里,2
南小街西里,2
南尚乐,4
南岗子,8
南岗洼,4
南平庄,8
南平庄路口南,4
南庄,2
南庄头,2
南庄营,2
南庭新苑北区,16
南庭新苑北区北门,2
南庭新苑南区,16
南彩工业园,2
南彩汽车站,12
南新园,6
南新村,8
南新村北口,2
南杨庄路北口,2
南楼梓庄,14
南横街路口东,2
南横街路口北,11
南横街路口西,5
南樱桃园路口东,4
南樱桃园路口北,11
南樱桃园路口南,3
南樱桃园路口西,6
南正东,4
南正西,4
南水泉村,2
南沙滩,10
南沙窝桥,19
南沙窝桥西,3
南沟泥河,28
南河,2
南河沿,8
南河滩,12
南河滩北站,8
南河路口,2
南法信,8
南洛平村,2
南海子公园,6
南海家园,4
南海家园一里东门,2
南海家园七里,4
南海家园三里,6
南海家园二里,4
南海家园五里,6
南海家园六里,4
南海幼儿园,2
南湖东园,15
南湖中园一区,4
南湖中园一区北门,2
南湖中园二条,2
南湖中园南门,6
南湖南路,18
南湖南路北口,20
南湖西园,8
南湖西里,6
南火垡村,4
南玉河路口东,2
南王路,2
南环东路,6
南环中路,8
南环大桥东,6
南环大桥西,4
南白岱,4
南皋,6
南皋公交场站,2
南皋村北口,2
南皋西站,6
南石槽,2
南磨房,14
南礼士路,10
南礼士路北口,7
南礼士路南口,15
南窑,6
南窖路口,2
南站幸福路,4
南站村,2
南纬路,2
南线阁,10
南线阁街南口,10
南花园,2
南花园公交场站,2
南花市大街,3
南苑,6
南苑北里,4
南苑北马路,6
南苑机场,2
南苑机场修理厂,2
南苑机场修理厂南,2
南苑机场候机楼,2
南苑路果园,13
南菜园,9
南菜园路口南,6
南营,6
南营东站,10
南营北站,4
南营西站,6
南营路口,3
南蒲州营路口,2
南许场村,2
南辛庄,14
南辛店,2
南辛房,2
南锣鼓巷,20
南长街,2
南阳村路口,6
南韩继,2
南顶小区,2
南顶村,7
南顶村北口,2
南顶村北站,3
南顶路,6
南顶路口,6
南顶路西口,4
南马庄村,4
南马庄村西口,2
南高庄村,2
南高庄村南口,2
博兴一路,2
博兴一路北口,4
博兴一路变电站,4
博兴三路,3
博兴三路北口,2
博兴三路口,2
博兴六路公交场站,7
博兴十一路北口,2
博兴路口,2
博大公园,2
博大大厦,8
卜落垡村,4
卢沟新桥,16
卢沟桥农场,2
卢沟桥南里,4
卢沟桥路西口,2
卧龙岗,4
卧龙岗村,2
卧龙岗村东,2
印象台湖小区,2
卸甲山路口,4
厂桥路口东,21
厂桥路口南,4
厂桥路口西,3
厂洼,2
厂洼北站,2
厂洼街东口,2
厚俸桥,2
厚金路,9
厚金路南口,10
原子能研究院,4
厢白旗桥,6
厢红旗,4
厢黄旗,10
厢黄旗东路,4
厢黄旗东路北口,4
厢黄旗东路南口,4
友谊医院,4
友谊医院东,11
友谊医院西,4
友谊医院通州院区,9
友谊大桥东,4
双井桥,2
双井桥东,19
双井桥北,17
双井桥南,25
双井桥西,13
双兴小区,8
双兴桥,6
双兴苑,6
双兴苑公交场站,2
双兴苑西,4
双埠头南口,2
双埠头小学,2
双埠头村,2
双埠头道口,8
双塘涧北,2
双塘涧灵山景区,2
双峪,24
双峪桥,3
双庙,8
双庙北,7
双庙西,6
双新园,6
双林南路,8
双林苑,9
双树村,2
双树村北,2
双桥东,2
双桥中学,4
双桥中路,4
双桥农场,8
双桥农场北站,3
双桥农场南站,2
双桥农场西站,4
双桥医院,6
双桥南,10
双桥南街东口,4
双桥西,12
双楼村,8
双榆树小区,2
双槐树路北口,5
双槐树路南口,5
双泉堡,15
双泉堡东,4
双泉堡南,12
双清路南口,5
双花园,14
双营,2
双裕花园,2
双高路口南,2
双龙小区,6
口子村,4
古城东街,2
古城东街北口,2
古城东街南口,2
古城公园,4
古城剧场,10
古城北路西口,4
古城大街南口,2
古城大院,10
古城村,2
古城西桥公交场站,4
古城西街北站,4
古城西街南口,2
古城西路,2
古城西路东口,4
古城西路西口,6
古塔公园,4
古庄,6
古汇路,4
古祥路,2
召里,16
召里南,14
召里村,2
台基厂路口东,6
台基厂路口西,17
台头村,4
台湖剧场,4
台湖卫生院西,2
台湖卫生院西站,2
台湖图书城,2
台湖大街路口北,4
台湖大街路口北站,2
台湖学校,4
台湖镇政府,4
台湾新城,2
台湾新城北,2
台湾新城南,2
台湾新城管委会,2
史东仪村,2
史各庄,14
史各庄公交场站,4
史各庄南,14
史村,6
史村东口,2
右安南桥东,2
右安门,16
右安门东,20
右安门内,14
右安门外,18
右安门西,25
司家营,4
合景中心,2
合生世界村,2
合顺家园,8
吉卧路口,4
吉庆庄,16
吉晟别墅,2
同仁医院亦庄分院,16
同兴园,10
同兴园小区东门,16
同心庄,4
同心庄公交场站,4
同泽园东里北门,4
同泽园西里东门,4
同济中路,11
同济中路北口,11
同济中路南站,7
同济北路,10
同济北路南口,10
同济南路,4
同济南路公交场站,2
同济南路北站,2
同济南路南口,2
同济南路南站,4
名佳四区,6
名佳花园,6
名流花园兰苑,6
名流花园菊苑,6
后九条,6
后伏村,2
后俸伯,2
后元化村,3
后八家路北口,4
后北营,14
后北营南站,4
后南仓,6
后厂村东,8
后厂村路,16
后厂村路西口,5
后地村,2
后堰上村,2
后夏公庄,12
后尖平村,8
后屯南路,4
后屯村,2
后屯路,2
后屯路北口,2
后库,7
后晏子,2
后桥,8
后横街,4
后沙涧,4
后沙涧南站,2
后沙涧路,4
后甫营,2
后章村,4
后营村,2
后银子村,2
后马坊村,2
后鲁,2
吕家营,6
吕家营南站,3
吕村,10
吕村(临时站),3
吕村北站,8
吕村南站,4
吕湾村西口,2
吕营嘉园,6
吴各庄村,2
吴坊营,2
吴坊营东站,2
吴坊营村东,2
吴家村,12
吴家村路东口,14
吴家村路西口,12
吴庄,14
吴庄公交场站,12
吴庄南,16
周口店路口,6
周口店镇辛庄,2
周口村路口,6
周坡庄村委会,2
周家井,10
周家巷,4
周家庄,14
周家庄中路,4
周家庄南站,10
周家庄西站,16
周家庄路西口,2
周庄嘉园,2
周营北口,10
周营村中街,2
周营村南口,2
周起营村,2
呼家楼东,8
呼家楼北,14
呼家楼北街小区,5
呼家楼南,10
呼家楼西,13
和义公园,2
和义农场,20
和义南站,20
和合站村,2
和平东桥,25
和平东桥北,9
和平东桥南,16
和平农场,4
和平街东口,2
和平西桥,22
和平西桥北,12
和平西桥南,6
和平西街东口,2
和平里东街,20
和平里中街,2
和平里北街,5
和平里南口,12
和平里西街,4
和平里路口东,2
和平里路口北,9
和平里路口南,6
和平里路口西,3
和平门东,14
和平门内,4
和平门外,4
和谐家园,14
和谐家园一区北门,5
和谐家园一区南门,8
和谐家园一区西门,8
和谐家园二区西门,7
咸宁侯,10
咸宁侯东站,4
咸宁侯南站,2
唐大庄村,2
唐家岭东,8
唐家岭新城,6
唐家村,24
唐指山,2
商通大道北,2
善各庄,12
善各庄北站,2
善各庄西,2
善各庄西站,4
善家坟,5
善缘小区,6
喇苏营,8
喇苏营北,3
嘉创二路,6
嘉创二路路口南,4
嘉创二路路口西,2
嘉园一里,19
嘉园三里,18
嘉园三里北,18
嘉园二里东门,15
嘉园二里南门,20
嘉园二里西门,16
嘉秀东路,2
嘉诚花园小区,2
嘉铭园,4
嘉铭园公交场站,4
四元桥东,4
四元桥西,10
四合庄,17
四合庄东,5
四合庄路口,3
四合新村东,4
四合欣园北门,2
四合路,4
四季星河南街,4
四季花城,4
四季青敬老院,4
四季青桥东,16
四季青桥北,19
四季青桥南,32
四季青桥西,13
四季香山小区,6
四平园,4
四得公园,2
四得公园北,2
四惠东站,20
四惠枢纽站,46
四惠桥,13
四惠站,3
四拨子,18
四支路东,3
四支路西,4
四方桥西,8
四根旗杆,10
四桥子,2
四海桥,7
四海桥北,8
四海桥南,15
四海路,2
四街坊,4
四路通,24
四通桥东,19
四通桥南,2
四通桥西,14
四道口东,12
四道口北,2
四道口南,4
四道口桥北,2
四道口桥南,2
四顷三村,8
回南北路,5
回南家园,4
回昌东路,2
回昌东路南口,2
回民公墓,10
回龙园,2
回龙观公交场站,11
回龙观医院北,5
回龙观村东区北门,2
回龙观村西区,10
回龙观桥北,9
回龙观桥南,10
回龙观西大街,8
团桂路口,2
团河农场,4
团河北村,4
团河工业园,4
团河苑小区,2
团河行宫,4
团河行宫北,5
团河路北口,10
团河路西口,16
团瓢庄村,2
团瓢庄村工业区,2
团结湖,29
团结湖公园,4
团结湖路北口,5
园博园三号门,4
园博园五号门,4
园博园六号门,7
园博园四号门,4
园田队,2
固安,6
固安工业园区,6
固安工业园南区,2
固安西站,2
国子监,6
国家会议中心,10
国家体育场东,8
国家体育馆,18
国家图书馆,25
国展新馆,6
国展新馆公交场站,4
国美第一城小区,14
国防大学,14
国际展览中心,11
国际港,2
国际艺术学校,4
国风北京,6
国风美仑小区,4
圆明园东路,20
圆明园东门,18
圆明园南门,18
圆明园西路北口,18
圈门,2
土井东,6
土井村南口,6
土井村西口,6
土桥中路,2
土桥公交场站,4
土桥新桥东,21
土桥村,33
土桥欣村,26
土桥欣村桥东,3
土楼村,6
土营,2
圣元国际小区,2
地兴居,2
地坛东门,5
地坛体育馆,6
地坛南门,5
地坛西门,26
地安门东,17
地安门内,8
地安门外,11
地泽北街,2
地泽南街,2
地泽南街西口,2
地盛东路南口,2
地盛中路,2
地盛北街,4
地盛西路,4
地铁万盛东站,17
地铁万盛西站,4
地铁三元桥站,4
地铁上地站,22
地铁东夏园站,9
地铁丰台科技园站,8
地铁临河里站,50
地铁义和庄站,4
地铁九棵树站,33
地铁五福堂站,2
地铁五道口站,5
地铁亦庄文化园站,2
地铁亦庄桥站,10
地铁俸伯站,14
地铁八宝山站,36
地铁公益西桥站,18
地铁六里桥站北,2
地铁化工站,2
地铁北土城站,21
地铁北安河站,6
地铁北宫门站,18
地铁北神树站,2
地铁北苑站,14
地铁北苑路北站,8
地铁北辛安站,10
地铁北运河西站南,2
地铁南楼梓庄站,12
地铁南邵站,6
地铁双桥站,6
地铁同济南路站,13
地铁后沙峪站,10
地铁和平里北街站,3
地铁善各庄站,14
地铁嘉会湖站,2
地铁回龙观东大街站,20
地铁回龙观站,14
地铁园博园站,14
地铁国展站,10
地铁土桥站,37
地铁垡头站,2
地铁大兴新城站,2
地铁大屯路东站,15
地铁大石河东站,4
地铁大红门站,5
地铁大葆台站,8
地铁大钟寺站,24
地铁天宫院站,4
地铁天通苑北站南,10
地铁天通苑南站,14
地铁天通苑站,20
地铁天通苑站南,2
地铁太阳宫站,14
地铁孙河站,9
地铁安河桥北站,6
地铁安贞门站,17
地铁宋家庄站,16
地铁小红门站,2
地铁崔各庄站,12
地铁巩华城站,2
地铁巴沟站,4
地铁常营站,14
地铁平西府站,5
地铁广阳城站,2
地铁广阳城站北,2
地铁廖公庄站,15
地铁张郭庄站,14
地铁德茂站,9
地铁惠新西街南口站,2
地铁慈寿寺站,7
地铁成寿寺站,14
地铁房山城关站,6
地铁文化公园,6
地铁新宫站,18
地铁新宫站东,8
地铁新街口站,2
地铁旧宫站,14
地铁昌平西山口站,2
地铁望京东站,2
地铁望京南站,12
地铁望京站,8
地铁望京西站,17
地铁朱辛庄站,9
地铁朱辛庄站南口,3
地铁林萃桥站,9
地铁枣园站,2
地铁柳芳站,12
地铁梨园站,42
地铁次渠南站,2
地铁次渠站,9
地铁永丰站,12
地铁永泰庄站,5
地铁沙河站,10
地铁沙河站西,8
地铁沙河高教园站,6
地铁海户屯站,12
地铁海淀五路居站,11
地铁潞城站,20
地铁瀛海站,7
地铁瀛海站西,2
地铁生命科学园站,16
地铁生命科学园站西,16
地铁生物医药基地站,4
地铁百子湾站,20
地铁知春路站,3
地铁石榴庄站,2
地铁石门站,4
地铁稻田站北,4
地铁稻田站南,4
地铁稻香湖路站,4
地铁立水桥南站,19
地铁立水桥站,26
地铁经海路站,19
地铁群芳站,2
地铁育新站,20
地铁育知路站,7
地铁良乡南关站,2
地铁良乡南关站东,2
地铁良乡南关站西,4
地铁良乡大学城北站,2
地铁良乡大学城站,5
地铁良乡大学城站东,6
地铁良乡大学城西站,2
地铁芍药居站,13
地铁花梨坎站,10
地铁苏庄站,5
地铁苹果园站,34
地铁苹果园站北,9
地铁草房站,18
地铁草房站东,9
地铁草桥站,6
地铁荣京东街站,10
地铁荣昌东街站,14
地铁褡裢坡站,8
地铁西二旗站,14
地铁西二旗站南,16
地铁西小口站,4
地铁西局站,21
地铁西直门站,15
地铁西红门站,12
地铁角门东站,6
地铁角门西站,8
地铁通州北关站,15
地铁通州北苑站,20
地铁郎辛庄站,2
地铁郝家府站,12
地铁长阳站,12
地铁阜通站,19
地铁霍营站,8
地铁霍营站东,12
地铁霍营站南,2
地铁顺义站,2
地铁首经贸站,10
地铁马泉营站,4
地铁高楼金站,2
地铁高米店北站,2
地铁高米店南站,4
地铁黄厂站,2
地铁黄渠站,4
地铁黑庄户站,4
地铁龙泽站,17
坚村,2
坡上村,8
坡头小区,4
坦克博物馆,4
坦克博物馆南,4
坨堤,4
坨堤村,2
坨里,4
坨里北站,2
坨里村口,4
垂杨柳,12
垛子,6
垡上,4
垡头,12
垡头北站,10
垡头南站,12
垡头桥东,2
垡头桥北,3
垡头桥西,5
垡头站,2
城兴街,2
城南嘉园,4
城南嘉园北,16
城子,24
城子北站,20
城建新村,2
城通街,10
城通街北口,6
城铁临河里站,6
城铁九棵树站,10
城铁北苑站,9
城铁土桥站,5
城铁果园站,5
城铁梨园站,6
培新街,9
堡子,2
堰上村路口,2
塔园村,18
塔照,4
塔营,6
塔院,7
塔院小区南门,14
增产路,6
增光路,2
增光路口东,2
增光路西口,2
增北路南口,2
增胜庄,2
增胜庄东,2
墩台村,2
复兴里,7
复兴门内,10
复兴门南,17
夏垫,6
夏垫交警中队,6
夏垫镇政府,2
夏威夷蓝湾小区,2
夏家胡同,27
夏家胡同(东行),3
夏家胡同(西行),3
夏店村,2
夏霖园,8
外交部街,6
外文印刷厂,15
外文印刷厂西门,2
外炮村,2
外环西路南口,4
外郎营,2
外馆斜街,8
大东各庄村,8
大东流,2
大井,16
大佛寺,9
大兴一职,4
大兴七街,5
大兴七街桥南,6
大兴中医院,4
大兴南宫村,4
大兴宋庄,4
大兴宋庄东站,4
大兴小营,11
大兴庄,4
大兴庄中街,2
大兴庄后街,2
大兴庄村南,2
大兴影剧院,2
大兴李村,2
大兴桥东,5
大兴桥北,8
大兴桥南,3
大兴桥西,12
大兴白庙村,2
大兴西庄,2
大兴韩营,2
大务路口,2
大北关,7
大北关北口,4
大北河,2
大北窑东,28
大北窑北,13
大北窑南,45
大北窑西,13
大十三里,2
大南辛堡,2
大厂,4
大厂三村,4
大厂东庄,2
大厂交通局,4
大厂北辰路西口,4
大厂城关二小,2
大厂大安东街,2
大厂大安西街,2
大厂文教局,4
大厂星光城,4
大厂步行街,2
大厂永安小区,2
大厂温泉度假村,4
大厂福喜公司,6
大厂职教中心,2
大厂西大街,4
大厂陈辛庄,2
大厂马坊,2
大古城,2
大台,2
大台火车站,2
大台西洼,2
大周易村,2
大地公交场站,6
大堡,4
大学生管委会(临时站),3
大宁二路西口,4
大宁山庄西门,2
大宁山庄西门(临时站),2
大安山乡水峪,2
大安山村,2
大安山村西口,2
大安山矿,2
大宫门,8
大宫门村西,2
大屯东,14
大屯北路东口,2
大屯南,22
大屯路东口,3
大山子路口东,10
大山子路口南,10
大山庄,6
大山桥东,15
大山桥北,10
大山桥西,7
大岭沟新村,2
大峪,10
大峪中学,4
大峪中学西门,2
大峪南路小区,6
大庄,2
大庄科,2
大庄科乡,2
大庞村,2
大慧寺,2
大慧寺路东口,6
大慧寺路西口,6
大成路,2
大成路西口,8
大成里,9
大方居,4
大有路,4
大李窑,5
大杜社村,8
大杜社村东,2
大杜社村中学,2
大杜社村口,4
大松垡村,2
大松垡村东口,2
大松垡村北口,2
大松垡村南口,4
大松垡村口,2
大柳树北站,14
大柳树南站,10
大柳树村西口,2
大柳树路口南,3
大柳树路口西,6
大栅栏,26
大汤山,2
大沙务村,2
大洼村,2
大浮坨,4
大灰厂,6
大灰厂村,4
大灰厂西站,4
大灰店村,6
大牛坊,2
大玉园小区,2
大王庙,2
大瓦窑,4
大瓦窑中路南口,2
大瓦窑公交场站,8
大瓦窑村,4
大瓦窑西一街,2
大甘棠村,8
大甘棠村西口,3
大白楼,10
大石桥,2
大石桥北,2
大石桥南,2
大石河,12
大石窝镇半壁店,4
大石窝镇政府,2
大石窝镇纸房路口,4
大石窝镇辛庄,4
大稿北站,10
大稿南站,6
大稿新村,19
大稿村,3
大稿村南口,10
大窦桥北,4
大窦桥南,6
大窦路南口,2
大紫草坞村,4
大红罗厂西口,13
大红门,6
大红门东桥西,6
大红门北站,5
大红门南路,2
大红门南路北口,2
大红门桥,15
大红门桥北,8
大红门派出所,2
大红门西里,13
大红门锦苑小区,2
大红门锦苑小区北,2
大羊坊,25
大羊坊东站,14
大羊坊南站,4
大羊坊桥东,6
大羊坊桥西,6
大苑上南,4
大苑上村,4
大营,6
大营门,2
大董村,16
大西洋新城东门,12
大西洋新城南门,20
大观园,17
大观园公交场站,4
大观园西,10
大观园西门,5
大觉寺,2
大觉寺东站,2
大豆各庄,6
大豆各庄村,2
大豆各庄村东口,2
大豆各庄村南,2
大辛峰,2
大辛庄道口,2
大运村公交场站,6
大运村路北口,6
大运河森林公园,4
大运河森林公园南门,6
大郊亭桥东,25
大郊亭桥南,10
大郊亭桥西,17
大钟寺,19
大钟寺站,6
大陈各庄,10
大雄城市花园,4
大韩继,2
大韩继公交场站,4
大韩继村口,4
大香仪村,2
大马庄,11
大马庄南站,6
大鲁店,6
大鲁店公交场站,6
大鲁店北口,4
大鲁店南口,4
大黄庄桥东,14
大黄庄桥西,6
天下第一城,2
天伦锦城,2
天伦锦城南门,2
天力街西口,4
天华东路,2
天华北街东口,10
天华北街西口,8
天华西路,6
天华西路北口,2
天圆山庄(临时站),2
天地美墅,4
天坛体育场,19
天坛北门,16
天坛南门,15
天坛南门东,2
天坛西门,26
天堂公墓西,2
天堂河,2
天堂河东区,2
天堂河小区,2
天子庄园,6
天宁寺桥东,10
天宁寺桥北,13
天宁寺桥西,20
天安门东,12
天安门广场东,3
天安门广场西,2
天安门西,7
天宝中路,6
天宝中路南口,2
天宝南街,10
天宝园六里,8
天宝家园,8
天宝西路南口,6
天宣街,4
天宫院,2
天宫院小区,3
天富大街,2
天富大街北站,2
天月园小区,2
天权路南口,4
天桥,31
天桥商场,4
天桥路口东,14
天水大街北口,6
天河西路,4
天泰新景家园,2
天泽苑小区,2
天泽路,6
天洋城,2
天洋城四代,2
天洋城总站,4
天秀花园,6
天秀花园东站,6
天秀花园西站,6
天竺,4
天竺供销社,4
天竺卫生院,4
天竺花园,4
天竺西站,4
天荣大街,2
天荣大街南站,2
天赐良园,10
天赐良园二期,10
天通东苑一区,12
天通东苑一区南门,2
天通东苑一区西门,6
天通东苑三区,12
天通东苑三区北站,12
天通东苑三区西门,2
天通东苑二区,6
天通东苑二区北门,6
天通东苑二区西站,8
天通中苑东区,8
天通中苑东区东门,2
天通中苑二区东门,5
天通中苑西区,8
天通中苑西区东门,2
天通北苑,30
天通北苑一区东门,7
天通北苑一区北门,15
天通北苑一区南,8
天通北苑三区北门,4
天通北苑三区南,14
天通北苑三区南门,10
天通北苑二区东门,2
天通北苑二区北门,6
天通北苑二区南,10
天通苑东区小学,8
天通苑二区东门,2
天通苑六区北门,8
天通苑北枢纽站,24
天通苑四区西门,8
天通苑塔楼,14
天通苑太平庄,21
天通苑街心花园,10
天通苑街心花园北站,8
天通苑西门,16
天通西苑三区北门,8
天通西苑南,15
天鑫家园,10
天露园东站,3
天露园北站,3
天露园小区,3
天顺家园,2
天香颐中里,6
天香颐北里,6
天骄俊园小区,2
天骥智谷东门,2
天鹅湾小区,8
天龙苑小区,13
太子墓,2
太子峪,10
太子峪北,2
太子峪南,8
太子峪周转房,2
太子峪村,2
太子峪陵园,4
太子峪陵园南门,2
太子府村,4
太师庄,2
太平家园,4
太平庄中一街,2
太平桥,8
太平桥东里,8
太平街,15
太平街北口,6
太平路东口,10
太平路西口,10
太平郊野公园,4
太扬家园,2
太歇路东口,2
太海路,2
太海路南口,2
太玉园,2
太玉园公交场站,4
太玉园北口,18
太玉园小区,14
太舟坞,6
太阳宫公园,6
太阳宫桥,20
太阳星城,2
奤夿屯南口,4
奥体东门,26
奥运村西,10
奶东工业区,2
奶东村,4
奶子房,4
奶子房公交场站,4
奶西村北,2
奶西村南,4
妫水北街南,2
姚各庄,4
姚家园东,9
姚家园北,5
姚家园北一路,6
姚家园南,14
姚家园村,14
姚家园西,15
姚家园西口,19
姚家园西里,10
姚家园西里中路北,2
姚村,12
姚辛庄北口,14
姚辛庄南口,16
姚辛庄村,4
姚辛庄村东口,2
姚辛庄村北口,2
姜场村,6
姜庄湖,6
娘娘府,4
嬉水湾,6
孔庄村,2
孙家务,2
孙家坡,6
孙家坡南,2
孙家村,2
孙家村南,2
孙庄村,2
孙村,2
孙河,15
孙河公交场站,17
孛罗营,4
孛罗营村北,4
季庄村,4
季庄西站,4
学府树公交场站,4
学清路北口,5
学知园,16
学知桥东,4
学知桥北,9
学知桥南,8
学知桥西,4
学院桥东,14
学院桥西,4
学院路北口,24
宁村,2
宁馨苑小区南门,6
宇航小区,2
宇达创意公交场站,4
安乐林,4
安乐林路东口,5
安化楼,9
安华桥北,12
安华桥南,12
安华桥西,20
安华街,2
安华西里,8
安外甘水桥,10
安宁庄东路北口,2
安宁庄东路南口,14
安宁庄前街,2
安宁庄前街东口,6
安宁庄前街西口,2
安宁庄西路,6
安宁庄路,8
安宁里,10
安宁里南站,10
安定门,10
安定门内,14
安定门外,2
安定门西,2
安家庄,2
安家楼,12
安家楼东,8
安家楼西,6
安居小区,2
安平开发区管委会,2
安平道口,2
安平香汐花园,2
安德路西口,6
安慧北里,4
安慧桥东,20
安慧桥北,34
安慧里五区,2
安抚寨村,2
安河桥,8
安翔北路,4
安翔北路东口,2
安翔北里,2
安翔桥北,8
安翔桥南,6
安苑东里,4
安苑路,4
安贞医院北站,17
安贞桥东,18
安贞桥北,10
安贞桥西,25
安贞西里,18
安贞里,13
安采路口,2
安顺北里,3
宋家庄,10
宋家庄枢纽站,14
宋庄,15
宋庄市场,2
宋庄美术馆,3
宋通路口,2
宏业东路口,4
宏塔小区,8
宏康路西口,3
宏旭路西口,2
宏昌路,14
宏泰东街,2
宏盛家园,2
宏祥路东口,10
宏福苑小区,6
宏福苑小区东,6
宏福苑小区南,2
宏福苑小区西,6
宏福路,17
宏福路东口,12
宏达中路,4
宏达中路南站,6
宏达北路南口,6
宏达南路,4
宏达南路北口,2
宏达工业园,4
官厅水库管理处,2
官厅湖,2
官厅西,2
官厅镇,2
官园,8
官庄村,2
官庄路口,4
定安路,9
定州营,2
定慧北桥,13
定慧寺东,36
定慧寺南,6
定慧寺西,3
定慧桥东,8
定慧桥北,26
定慧桥南,24
定慧桥西,3
定泗桥东,4
定泗路西站,4
定海园,8
定海园一里,2
定海园三里,2
定海园东,2
定海园东区,6
定海园二里,4
定海园北,6
定海园小区,2
定海园西,3
定福庄,14
定福庄路南口,2
定福皇庄,16
定辛庄公交场站,4
定辛庄北,2
定辛庄村,4
定陵,8
定陵道口,8
宜居园,2
宜山居,2
宝产胡同,6
宝善庄西,6
宝善路口,4
宝盛西里,7
宝盛路口北,6
宝盛路口南,5
宝盛里小区,8
宝钞胡同,8
实兴北街北口,4
实兴大街,2
实兴大街南口,2
宣武医院,8
宣武门东,15
宣武门内,9
宣武门外,7
宣武门西,3
宣颐家园,8
容达路,6
宽街路口东,18
宽街路口南,10
宾阳北里,8
宾阳北里站,2
宾阳小区,6
宾阳西里,7
密云下屯,2
密云北站,4
密云南菜园,2
密云南门,2
密云大辛庄,4
密云少年宫,2
密云工会站,2
密云新中街,4
密云新农村,8
密云果园小区,6
密云汽车站,8
密云沙河,10
密云河南寨,2
密云沿村,4
密云沿村北,2
密云滨河大桥,6
密云王各庄小区,4
密云老城墙,10
密云西大桥,6
密云西大桥西站,4
密云钓鱼台,2
密云鼓楼,6
密云鼓楼东大街,2
密云鼓楼南大街,2
密云鼓楼西大街,4
富丰桥南,7
富丰桥西,16
富力又一城,8
富力又一城南站,4
富力尚悦居,4
富力新城,2
富各庄,6
富各庄村,2
富强路,4
富河园,3
富河园小区,12
富河园小区站,3
富泉花园南门,4
富源里,8
富燕新村,8
富燕新村东门,2
富生路北口,2
富豪,9
富豪南口,9
富豪南口站,2
富豪村南,2
富豪村小学,2
富达购物广场,2
寨口,2
寨口水泥厂,2
寨辛庄,4
寨里,4
对外经贸大学,24
对外经贸大学东门,4
对外经贸大学北,11
对外经贸大学南,4
寺上,2
寺尚村路口,2
寿宝庄,10
寿宝庄北站,6
将台洼南,2
将台路东口,14
将台路东站,12
将台路口东,7
将台路口东站,7
将台路口北,14
将台路口西,11
小七营,2
小三槐堂路口西,2
小东各庄村,7
小井,8
小井桥东,4
小井润园,2
小井路口东,5
小井路口南,5
小关,4
小关东里,4
小务村,2
小务村路口,2
小北关村东口,4
小北关村北口,3
小北哨,6
小十三里,2
小十三里西,2
小南地村,2
小南辛堡镇,2
小南辛堡镇西(临时站),2
小古二路,6
小古二路西口,2
小周易村,3
小园村,5
小园路口西,3
小堡东口,4
小堡北街,7
小堡南街,7
小堡商业广场,7
小堡村东口,2
小堡村北口,2
小堡村南口,6
小堡环岛,7
小堡艺术东区,7
小堡西口,2
小寨,6
小寺,6
小屯,10
小屯新村南,2
小屯村,2
小屯西路,3
小屯西路北口,4
小屯西路南口,4
小市口,4
小庄,2
小庄科路口,2
小庄路口东,20
小庄路口北,8
小店,2
小店路口,14
小庞村,2
小康小区,9
小张湾,4
小杜社村,5
小杜社村西口,2
小松垡村,4
小松垡村北口,2
小武基桥北,8
小武基桥南,2
小汤山,6
小汤山街口,4
小汤山镇政府,6
小汤山马坊,8
小汤山马坊北站,2
小沙务村,2
小沙河工业园,2
小沙河工业园北,2
小沙河村,4
小沙河村东,4
小沙河村公交场站,4
小河湾,2
小河湾东,2
小海子,10
小海字村,2
小清河,22
小潞邑,16
小潞邑北站,14
小牛坊,4
小牛坊南,6
小牛坊桥东,6
小牛坊桥南,2
小瓦窑,16
小瓦窑西路,2
小甘棠村,8
小甘棠村西口,3
小甸屯,4
小甸屯南,4
小白村,16
小稿村,15
小稿村南站,2
小红庙,3
小红门桥,13
小红门桥北,2
小红门牌坊村,7
小红门路口东,2
小红门路口北,11
小经厂,8
小羊坊,8
小羊坊西口,6
小耕垡村,8
小营东路,10
小营公交场站,6
小营北路,8
小营村,2
小营村北口,2
小营村路口,2
小营西路,6
小葆台,8
小葆台南,8
小葛渠,2
小街村南口,2
小街桥东,10
小西天,23
小豆各庄,6
小豆各庄村,2
小辛庄,16
小辛庄东,2
小辛庄村,9
小辛庄西,10
小郊亭,2
小郊亭公交场站,4
小郭庄,6
小马厂,26
小马厂路,4
小鲁店北,4
小鲁店南,6
小黄庄,10
小黑山,8
尖垡村,2
尚东庭小区,2
尤家坟,2
尹各庄村,2
尹各庄村东口,2
尹各庄村委会,2
尹各庄西口,2
尹家河村,2
居庸关村,2
屏翠西路东口,2
展春园西路北口,4
展春园西路南口,4
展览路,18
展览路口北,11
展览路口南,2
屯佃,2
屯佃大桥,8
屯佃村,6
山子坟,8
山立庄,2
岔路口,26
岗子村,2
岗子路口,3
岗山村,8
岗山村南站,12
岗山路,8
岗山路口,2
岭上北街东口,2
岭上村,2
岭上村东站,2
岭上西路,2
岭南路,2
岭南路西口,4
岳各庄,21
岳各庄东路,2
岳各庄东路北口,2
岳各庄北桥东,2
岳各庄桥东,13
岳各庄桥北,23
岳家楼桥,4
岳家楼桥东,2
岳庄,23
崇文门,4
崇文门东,13
崇文门内,18
崇文门西,22
崔各庄,11
崔各庄东,10
崔村,6
崔村西,6
崔村镇政府,2
川北小区南门,4
工业技师学院,11
工人体育场,30
工人体育场南门,3
工人体育场西门,2
工人体育馆,16
工人疗养院,2
工会大楼,8
工兴路口,2
工大桥,9
左安门内,8
左安门外,15
左家庄,45
左家庄东街,6
左家庄东里,5
左家庄中街,4
左家庄桥东,5
左家庄桥西,5
巨山,8
巨山农场,10
巨山路北口,2
巨山路南口,5
巨山馨苑,2
巨星桥北,16
巩华新村,2
巩华新村西,2
巴克寓所,4
巴沟村,20
师姑庄村,2
师达中学,2
常乐寺,2
常兴庄,2
常店村,2
常营,12
常营中路,4
常营中路东口,6
常营中路西口,4
常营体育公园,6
常营北站,5
常营民族家园,6
常营西站,6
常营路口东,12
常营路口南,8
常青园西门,2
平乐园,14
平乐园北,17
平乐园小区,12
平原村,2
平各庄,6
平坊,14
平坊南,3
平安医院,10
平安里路口东,9
平安里路口南,19
平安里路口西,3
平家疃村,2
平家疃村路口,2
平家疃村路口西,2
平家疃路口,2
平家疃路口西,2
平房,17
平房东口,22
平房北站,2
平房桥南,2
平房西口,16
平西王府,8
平西王府公交场站,4
平西王府公交场站临时站,2
平西王府西,8
平西王府路口东,6
平西王府路口北,8
平西王府路口南,10
平西王府路口西,5
平谷世纪广场,4
平谷北小区,2
平谷区医院,4
平谷南小区,2
平谷博物馆,4
平谷岳各庄,4
平谷政府街西口,2
平谷汽车站,4
平谷消防队,4
平谷滨河小区,2
平谷王各庄,2
平谷迎宾环岛,4
幸福三村,22
幸福大街,6
幸福大街北口,6
幸福家园,4
幸福家园小区东,8
幸福家园小区南,4
幸福港湾路口,4
幸福艺居小区,6
广化大街,2
广化大街南口,2
广和里中街,3
广外关厢,28
广外甘石桥,32
广外甘石桥南,2
广宁村,20
广安门内,25
广安门北,23
广安门南,18
广安门货站,5
广安门车站西街,5
广平大街,4
广平大街南口,2
广德大街,4
广泽路,7
广渠门,22
广渠门内,8
广源小区东区,4
广源小区西区,4
广禄庄,4
广莲路,12
广阳大街,5
广顺桥南,30
庄子,4
庄户,2
庆丰公园,2
庆陵村,2
庑殿家苑,6
庑殿桥,6
庑殿桥南,6
应寺检查站,2
店上村,2
庙上村北口,2
庙城东,12
府东街,2
府右街,2
庞各庄,2
庞各庄南站,2
庞各庄民生村,2
康久路南口,4
康化路北口,4
康化路南口,4
康各庄,2
康各庄村,2
康各庄西站,2
康和园小区,2
康宁科技东门,2
康定街东口,4
康定街西口,4
康家沟,18
康庄,2
康庄小区,2
康庄西站,2
康庄路东口,14
康庄路西口,2
康润家园,6
康清路北站,3
康瑞路北站,12
康瑞路南站,2
康盛园小区北,2
康福园小区,4
康营东路南站,4
康营中街东口,8
康营西路北口,2
康陵园村东,2
康静里,2
康静里南,2
康顺园小区,8
廊坊,2
廊坊中纺城,2
廊坊会展中心,3
廊坊大学城东门,3
廊坊大学城南门,3
廊坊开发区高速路口,3
廊霸路口,2
廖公庄,14
廖公庄公交场站,2
廖公庄西,10
延庆东关,6
延庆二小,2
延庆八中,2
延庆南菜园,6
延静里,15
建兴市场,2
建功北里,8
建国门南,23
建安街西口,2
建明里小区,4
建材城东路西口,6
建材城东里,8
建欣苑,3
建欣苑北,4
建西苑南里,2
开发区交通服务中心,27
开古庄,4
开阳桥东,9
开阳桥北,12
开阳桥南,8
开阳桥西,17
开阳里东,2
开阳里西,2
弘善家园,3
弘善家园西站,4
弘燕公交场站,8
弘燕桥北,8
弘燕桥北(北行),4
弘燕桥北(南行),4
弘燕桥西,5
弘燕路,5
弘燕路小区,14
弘燕路西,4
张万坟,4
张万坟东,4
张仪村,16
张仪村东站,7
张仪村公交场站,2
张仪村北站,16
张仪村南站,8
张仪村西站,2
张台路口,4
张各庄,2
张各庄村,4
张喜庄,2
张喜庄东口,2
张坊,4
张坊公交场站,2
张官营村,2
张家场村口,6
张家坟,6
张家坟东里,2
张家坟北里,2
张家庄南口,2
张家店,4
张家湾,14
张家湾中心小学,3
张家湾凉水河桥北,2
张家湾开发区,25
张家湾镇政府,4
张庄,2
张庄村,2
张梁路,2
张梁路口,4
张梁路路口西,2
张湾小学,2
张自忠路,18
张营小区,5
张辛,4
张辛庄村,22
张辛庄村西,18
张郭庄,8
张郭庄小区,2
张郭庄小区东,8
张郭庄小区北,8
张镇,2
张镇东,2
张镇西,2
当代城市家园,6
彩虹城小区,12
彩虹路,8
彰化村,4
彰化路,13
彰化路东口,4
彰化路西口,2
徐双路口东,2
徐宋路北,2
徐官屯村,2
徐辛庄,8
徐辛庄卫生院,2
徐辛庄村卫生院,2
徐辛庄村工业园,2
徐辛庄村市场,3
徐辛庄村邮局,2
徐辛庄站,2
徐辛庄邮局,2
徜徉墅小区,5
德上科技园,2
德仁务北口,2
德仁务村,2
德仁务村北口,2
德仁务村南口,2
德仁务村南口(临时站),2
德内甘水桥,6
德善里,2
德外关厢,11
德外关厢北,2
德胜门,28
德胜门内,3
德胜门南站,5
德胜门外,11
德胜门西,21
德茂庄,11
德茂桥东,4
德贤路,6
德贤路北站,6
德鑫嘉园,3
德露苑,2
德露苑公交场站,4
志新北里,11
志新桥北,11
志新桥南,13
志新桥西,13
志新路,6
忠兴庄,9
念坛,6
念坛公园,4
怀杨路口,4
怀柔东关村,2
怀柔五中站,2
怀柔北大街,2
怀柔区中医院,2
怀柔南小街,2
怀柔商业街东口,4
怀柔府前东街,4
怀柔招商局,3
怀柔桥北,10
怀柔汽车站,9
怀柔渔场,4
怀柔火车站,2
思邈路,4
怡乐中街,8
怡乐中街东口,2
怡乐中路北口,8
怡乐北街,2
怡乐南街公交场站,9
怡乐园,2
怡佳家园小区,2
怡和世家小区,2
怡和路,2
怡景名苑,2
怡海花园北门,2
怡海花园南门,4
怡海花园西门,5
怡清园小区,4
怪村,4
怪村公交场站,6
怪村村委会,2
总参通讯干休所,6
总部基地七区,2
总部基地九区,2
总部基地八区,2
总部基地六区,2
总部基地十七区,2
总部基地金融港,4
恋日绿岛,6
恋日绿岛南门,4
恒富花园北门,2
恒生市场,2
恩济东街,4
恩济东街北口,4
恩济东街南口,4
恩济西街,6
恩济西街南站,10
恩济里小区,2
恩济里小区北,9
悦树汇花园,2
悦溪小区,10
悦溪小区南门,4
悦溪小区西门,2
悦秀路,2
悦秀路北口,2
悦秀路南口,2
惠兰美居小区,6
惠力路南口,3
惠和新苑西口,4
惠康嘉园北口,2
惠文街东口站,2
惠文街西口,2
惠新东桥东,6
惠新东桥北,5
惠新东桥南,23
惠新东桥西,21
惠新西桥,4
惠新西街,10
惠新西街北口,6
惠新西街南口,6
惠新里,14
惠景新苑小区,2
惠民家园,4
惠河南街,2
惠河南街东口,2
意华小区,8
慈云寺,26
慈云寺桥南,10
慈孝园,2
慈寿寺桥,15
慈献寺桥,2
慧忠北路西口,4
慧忠北里,6
慧忠北里北,8
慧忠路东口,10
慧忠路西口,6
慧忠里,18
戎晖嘉园,3
成和园小区,8
成寿寺,12
成寿寺路北口,6
成庄巷路口,4
成府路口南,30
成府路口西,12
戒台寺,2
房山东大桥,11
房山于庄,6
房山于庄东,2
房山医院路口,3
房山南关南,4
房山南关立交桥北,10
房山南关立交桥南,6
房山史各庄村,4
房山吴庄,4
房山岳各庄,2
房山李庄北,4
房山桥梁厂,4
房山汽车站,4
房山沙窝,4
房山沙窝北站,4
房山焦庄村,4
房山王庄道口,4
房山白草洼,2
房山白草洼村口,2
房山肖庄,2
房山长营北,2
房山马厂,8
房山马各庄,12
房山高岭北,8
房辛店,2
手帕口北街,4
手帕口南街,5
打磨厂,2
打铁庄,2
承平园,2
承泽苑,2
抗战雕塑园,36
护国寺,12
报子胡同,6
拉斐水岸,2
拓然家苑,3
拱辰南大街,2
拾景北路,2
振亚庄,4
振兴路,4
摇不动村,2
政法小区,5
政馨园小区,2
故城东路北口,6
教军场,2
教子胡同南口,7
敬园小区,14
文化新大街,4
文化营,2
文化营西,2
文化路北,2
文华东路,3
文华西路北口,6
文华路南口,8
文慧桥北,8
文慧桥南,7
文林北街东口,2
斋堂,2
斋堂公交场站,2
斋堂西口,2
新东安市场,4
新中街西口,2
新丰路,4
新丰路北口,4
新丰路南口,4
新于庄园,2
新兴居小区,2
新凤河大桥东口,2
新华大街,28
新华联家园,18
新华联家园西门,4
新华联锦园,8
新华联锦园(临时站),2
新华营,2
新华街,2
新华路南口,10
新发地北,26
新发地北桥西,10
新发地村,4
新城职业学校,2
新安里,4
新宝庄,4
新宝庄路口(临时站),2
新宫村,6
新居里,4
新居里北口,2
新干线一区西门,8
新干线家园,7
新康园北区北门,8
新康家园,10
新建村,2
新开胡同,6
新文化街西口,13
新新家园,6
新新家园西站,6
新月家园,4
新村,12
新桥,2
新桥南街,18
新桥大街,24
新河村路口,2
新海南里南区,2
新源南路,3
新源南路西口,10
新源街西口,2
新源街路口,4
新源里,14
新潮嘉园一区,7
新潮嘉园三区,4
新潮嘉园二区,7
新立村,4
新立村(临时站),2
新立村东,2
新立村西,3
新苑街,3
新街,2
新街口北,15
新街口南,7
新街口西,2
新街口豁口,14
新通联合驾校,2
新都,14
新都东站,8
新镇,4
新首钢大桥西,2
新马家园,2
新龙城,5
新龙城东站,10
方家村,10
方家胡同,14
方庄东路,4
方庄东路南口,2
方庄北口,2
方庄南口,14
方庄南路,4
方庄南路南口,6
方庄桥东,15
方庄桥北,5
方庄桥南,11
方庄桥西,15
方庄环岛南,11
方庄环岛西,15
施庄村,2
旅游新村小区,4
旗舰凯旋小区,10
日光清城,15
日坛公园,2
日坛路,22
日新路北口,8
日新路南口,4
日新路口东,2
日新路口西,2
旧宫,15
旧宫东口,17
旧宫北路东口,5
旧宫北马路,4
旧宫新苑,6
旧宫西口,15
旧宫路口北,3
旱河路南口,6
时代庄园,13
时代庄园东站,4
时代庄园北站,4
时代花园北路,2
时代花园南路,2
时装厂路口,2
旺龙花园,2
昊天公园南门,2
昊天北桥东,8
昊天北桥北,4
昊天北桥南,16
昊天嘉园,4
昊天温泉家园,12
昊腾家园,4
昊蓝温泉家园,2
昌平一中,6
昌平东关,23
昌平东关路口东,8
昌平东关路口北,7
昌平东关路口南,5
昌平东庄,2
昌平东营村北,2
昌平中医医院,2
昌平何营,6
昌平公园,10
昌平公园东门,2
昌平凤山,2
昌平北小营村,2
昌平北小营村北,2
昌平北站,8
昌平北站西,4
昌平区医院,4
昌平半壁店,2
昌平南大街,8
昌平南桥北,2
昌平南环路,6
昌平太平庄,2
昌平崔村,4
昌平崔村西口,2
昌平旧县,10
昌平旧县西站,7
昌平永安路,2
昌平永安路北口,2
昌平永安路南口,4
昌平永安里小区,4
昌平涧头村,8
昌平王庄,8
昌平肖村,2
昌平肖村南,2
昌平胡庄,8
昌平西关,14
昌平西关环岛,3
昌平西关环岛东,6
昌平西关环岛南,2
昌平西关环岛西,15
昌平西营村东,2
昌平西营村西,2
昌平豆各庄路南口,4
昌平辛庄,2
昌平辛店,4
昌平麦庄,2
昌平麻峪,2
昌平鼓楼东街,4
昌平鼓楼南街北口,4
昌平鼓楼南街南口,2
昌平鼓楼西街,4
昌平鼓楼西街西口,2
昌盛园二区东门,6
昌盛园北口,4
昌盛路,4
明光村,8
明光村西站,11
明光桥东,10
明光桥北,16
明光桥南,8
明天第一城,4
明春苑,6
明珠站,2
明皇蜡像宫东门,8
星城商厦,2
星悦国际小区,4
星河皓月小区北门,4
星河皓月小区南门,6
星火西路,4
星火西路北站,6
星罗城,2
春明西路,2
春晖园,8
春秀路,19
春秀路南口,2
春秀路小区,2
晋元庄,8
晋元桥南,6
晋元桥西,5
晓幼营,2
晓康东里东区,2
晓月苑一里,18
晓月苑三里,6
晓月苑三里东门,4
晓月苑二里,16
晓月苑五里,4
晓月苑八里,8
晓月苑公交场站,12
晓月苑医院,6
晓月苑小区,12
晓月苑游泳馆,2
晟世家园小区,3
普惠南里,8
景园,6
景园北站,2
景园北街,5
景园街,2
景园街东站,2
景园街西口,4
景山东街,7
景山东门,7
景山后街,3
景文屯南,2
景文屯村,2
景泰路口东,4
景盛南二街,2
景荣街,2
景荣街西口,2
景辉街东口,8
景阳东街,4
景阳东街北口,4
景阳东街南口,2
景阳大街南口,2
晶彩小区,8
暖水面,2
曙光里,7
曙光里南口,7
曙光里小区,3
曹刘各庄村,2
曹刘庄村,2
曹各庄,8
曹园村,2
曹园逸家小区,7
曹坨村,6
曹家坟,6
曹家庄,2
曹家沟,2
曹家沟南,2
曹庄村,4
曹村,4
曹碾,4
曹碾东口,4
曹碾中街,4
曹碾村,2
曹碾西口,4
曾庄,2
月亮湾小区,4
月华小区,3
月坛体育场,10
月坛公园,14
月坛公园(临时站),2
月坛北街,5
月坛北街北站,15
月坛南街北站,16
月坛南街南站,2
月季园东里,4
月季园小区,14
月桂庄园北门,2
月泉路东口,2
朗清园东站,4
朗清园西站,2
望京东园,6
望京公园,6
望京北路东口,6
望京北路西口,6
望京医院,23
望京村,12
望京桥东,5
望京桥北,21
望京桥南,8
望京桥西,18
望京火车站,4
望京科技创业园,14
望京花园,14
望京花园东区,6
望京花园东区北门,2
望京花园西区,30
望京花园西区北门,2
望京街西口,14
望京西园三区东门,6
望京西园三区北门,4
望京西园三区南,3
望京西园二区,2
望京西园四区,12
望京西路,7
望君疃村,6
望和桥,16
望和桥东,13
望园东里,2
望楚,2
望泉桥东,8
望湖公园,6
望花路,8
望花路东里,8
望花路西口,2
望都家园,8
望馨花园,2
朝丰家园,4
朝丰家园北站,2
朝丰家园南站,8
朝内小街,18
朝凤庵村,16
朝宗桥北,3
朝新嘉园,4
朝来农艺园,8
朝来农艺园北站,2
朝来家园,7
朝来家园北站,6
朝来家园南站,9
朝来森林公园三期,2
朝辛路口东,2
朝运街,4
朝运街东站,4
朝运街西站,10
朝阳公园东门,6
朝阳公园北门,12
朝阳公园南门,28
朝阳公园桥东,26
朝阳公园桥北,7
朝阳公园桥南,6
朝阳公园西门,8
朝阳农场,8
朝阳医院,14
朝阳半壁店,14
朝阳半壁店北,2
朝阳四合庄,2
朝阳大柳树,14
朝阳新城,8
朝阳村路口,4
朝阳沙窝,2
朝阳路三间房,12
朝阳路太平庄,14
朝阳路高井,16
朝阳门内,12
朝阳门南,4
朝阳门外,14
木林,2
木林小学,2
木林开发区,2
木樨园,4
木樨园桥,17
木樨园桥东,42
木樨园桥北,26
木樨园桥西,44
木樨地东,8
木樨地北,14
木樨地西,18
未来科学城东路桥北,2
未来科学城东路桥南,2
未来科学城北站,2
未来科学城路,2
未来科学城路北口,2
朱家坟,10
朱家垡村,2
朱庄,4
朱庄村东,2
朱庄路口,2
朱房路西口,6
朱脑村,2
朱辛庄,13
朱辛庄公交场站,3
朱辛庄新区,9
朱辛庄新区东,6
朱辛庄新区西,8
机场道口,4
李县坟,4
李县坟北,2
李各庄,4
李天桥,8
李家史山,2
李家坟,4
李家坟北,4
李家峪,2
李家峪北,2
李家峪南,2
李庄佳苑,8
李庄佳苑小区,2
李旗庄,2
李村,6
李桥,8
李桥北站,6
李老新村,13
李辛庄村,2
杏坛路,3
杏坛路北口,2
杏坛路南口,3
杏石口,12
杜仲公园,6
杜兰庄,7
杜家坎,22
杜家坎北,4
杜家坎南,10
杜家庄,2
杜家庄西口,2
杜庄,2
杜店村,2
杜柳棵村,4
杜柳棵村站,2
杜柳棵村西,4
来北家园东门,3
来广营北,12
来广营西桥,12
来广营西桥东,18
来广营路口南,7
来广营路口西,32
杨坨,4
杨坨煤厂,2
杨堤村,6
杨家园,4
杨家坟东口,2
杨家庄,6
杨家洼,45
杨家洼站,2
杨家洼路口南,11
杨庄,5
杨庄东,5
杨庄子小区,3
杨庄小区,6
杨庄西,4
杨庄路,2
杨庄路东口,6
杨庄路西口,16
杨树庄,2
杨洼,2
杨秀店,10
杨秀店公交场站,4
杨秀店北,4
杨镇,2
杨镇三街,2
杨闸,6
杨闸中学,4
杨闸环岛东,8
杨闸环岛西,11
杨闸西站,4
杨闸路口东,6
杨闸路口南,6
杨闸路口西,6
松兰堡,6
松兰堡西站,6
松园小区西门,6
松榆东里东门,14
松榆东里南门,23
松榆北路,4
松榆北路东口,4
松榆里,18
板井,12
板井路东口,3
板城村,2
板桥,4
板桥新苑南门,2
板桥西口,2
板章路,12
林业科学研究院,4
林大北路东口,5
林家坟,4
林屯村,6
林校北路,14
林校路北口,4
林校路南口,6
林河开发区,8
林河西站,7
林萃路口北,10
林萃路口西,4
果各庄,2
果园,5
果园北,16
果园南,5
果园环岛北,4
果园环岛南,2
果园环岛西,6
果园西,13
果子巷,17
果子市,6
果村,4
枢密院西门,2
枣园东巷南口,2
枣园小区,2
枣园路口北,2
枣园路口南,2
枣园路西口,2
枣林前街,3
枣林前街西站,2
枣林前街路口北,4
枣林前街路口南,2
枣林庄北口,4
枣林庄南口,4
枣林庄小学,4
枣林村,2
枣林村北口,2
枣营,8
枣营北站,6
枫丹丽舍小区东,4
枫丹丽舍小区南,12
枫丹丽舍小区西,2
枫丹壹号小区,2
枫丹壹号小区北,2
枫桥别墅,6
枫竹苑小区,8
枯柳树,4
柏儒苑,6
柏庄村,2
柏村路口,2
柏福村,2
柏阳景园小区,6
柳林村,2
柳林馆,8
柳泉,2
柳泉路,2
柳浪游泳场,7
柳芳北街,7
柳芳北里,8
柳芳南里,4
柴厂屯东口,4
树村,10
树村东口,10
栗周路,2
栗周路西口,2
栗园庄,4
栗园村,2
栗园村西,2
校场口,14
校尉胡同,8
样田村,4
核桃园,10
核桃园东街,4
格拉斯小镇,4
格瑞雅居小区,18
桂村,2
桃园,2
桃园小道,2
桃峪山庄,2
桃林村,2
桃花岛小区,2
桑园中学,2
桑园镇,2
桑峪口,2
桥梓,2
桥梓南,2
桥梓开发区,2
桥梓铁路道口,2
桥梓镇政府,2
桥湾,9
梁公庵,6
梁各庄北,2
梁各庄村,25
梅园,18
梅市口,6
梅市口南站,6
梅市口西站,2
梅市口路,7
梅市口路东口,7
梅所屯,2
梅沟营,6
梅沟营北,4
梅源里小区,2
梅花庄新村,2
梅花庄新村西,2
梆子井,10
梆子井东,6
梦狐工业园,2
梧桐公园,6
梧桐苑公交场站,2
梧桐苑南,2
梧桐苑西,2
梨园东里,3
梨园东里北区,10
梨园东里南区,6
梨园中街,2
梨园中街东口,3
梨园北街,13
梨园北街西口,14
梨园南街,4
梨园南街东口,4
梨园南街西口,9
梨园庄,6
梨园庄路口,6
梨村,8
梨村公交场站,8
梨村路口,2
梵谷水郡小区,2
梵谷水郡小区南,2
棉山村,2
棉花城小区北,4
森林公园南门,2
森林大第,4
椿树馆街,18
楼台东口,4
楼台路口,4
楼梓庄南站,2
楼梓庄桥西,2
楼梓庄路口东,8
楼梓庄路口南,2
楼梓庄路口西,6
楼梓庄马家沟,2
榄杆市,8
榆垡,8
榆垡南站,8
榆垡开发区,2
榆垡文化广场,2
榆垡文化广场东,2
榆垡路东口,8
榆昌路东口,6
榆景苑二区,2
榆景苑小区,3
榆林堡,2
榆林庄村,10
榆林庄村北,9
榆树庄,4
榆树馆东里,2
榆树馆西里,2
榴乡桥,4
榴乡桥南,8
榴乡桥西,6
榴乡路,8
榴乡路北站,7
榴乡路南站,12
槐房,2
槐房北站,4
槐房北路西口,2
槐房西路,13
槐房西路北站,8
槐房西路南口,3
槐房路南口,2
槐新公园,6
槐柏树街东口,8
槐柏树街西口,10
槐树岭,10
槐树岭公交场站,5
槐树岭南站,12
樊家村,8
樊家村公交场站,10
樊羊路北口,2
樊羊路南站,2
樊羊路口东,8
模式口东里,6
模式口南里,6
模式口西里,22
横一条,2
横一条北口,2
横七条,3
横街子,12
樱花园西街,8
橡树湾小区东,2
次渠,15
次渠中学,4
次渠北里,2
次渠嘉园三区,2
次渠嘉园二区,2
次渠嘉园五区,2
次渠嘉园六区,2
次渠嘉园北,2
次渠嘉园南,2
次渠嘉园四区,2
次渠家园小学,2
次渠水管站,6
次渠西口,14
次渠银行,4
欣和街南口,7
欣和街口,10
欣园小区东,5
欣园小区北,7
欣园小区西,6
欣旺北大街北口,4
欣旺南大街北口,2
欣荣北大街,2
欧美亚汽车城,2
欧逸丽庭,6
正义路,17
正义路南口,3
正大路西口,12
正白旗,12
正福寺,14
正蓝旗,4
正阳大街,10
正阳桥东,10
正阳桥北,32
武兴路口,18
武圣东里,9
武圣北路,4
武圣路,10
武圣路南口,2
武基街,2
武夷花园,20
武杨路口,2
武窑村,16
武窑村北,5
武辛庄村,6
武隆路北,2
段家庄,2
毛纺路北口,6
毛纺路南口,4
民族园西路,5
民族园路,2
民族家园中路南口,3
民族文化宫,9
民族苑路,2
民航博物馆,2
民航总医院,16
水仙园小区,4
水仙西路,2
水关新村北,2
水关新村南,4
水北路口,2
水南庄,7
水南庄东站,4
水南庄南站,5
水南路口南,2
水墨林溪,2
水墨林溪公交场站,2
水屯,18
水屯家园,4
水屯桥北,7
水屯桥南,6
水屯桥西,4
水岸中街东口,4
水岸南街,6
水岸南街东口,5
水岸南街东站,4
水岸南街西站,4
水岸家园北,4
水岸家园南,4
水岸花城小区,2
水木兰亭,2
水泉沟,2
水碓子,10
水碓路口南,8
水碓路口西,6
水碾屯新村,2
水碾屯新村北站,2
水衙沟路东口,6
水道子,9
水闸北口,2
永上路口,2
永丰产业基地,8
永丰公交场站,12
永丰南路,2
永丰屯,6
永丰屯北,4
永丰路北站,4
永丰路南口,4
永丰路南站,8
永丰路口东,4
永丰路口南,4
永丰路口西,3
永乐店,5
永乐店北口,3
永乐店卫生院,2
永乐店镇,5
永乐店镇粮库,2
永乐西小区,20
永兴庄北,2
永华路口南,2
永合庄,2
永合庄东,2
永合庄西,2
永和庄,2
永和庄村东口,2
永嘉北路,2
永宁,2
永宁中学,2
永宁南关东,2
永宁西关,2
永宁车站,2
永宁道,2
永安小区路口南,4
永安路,9
永安里路口北,11
永安里路口西,17
永定中学,18
永定楼,2
永定楼南,2
永定路南口,14
永定路口东,11
永定路口北,6
永定路口南,10
永定路口西,2
永定镇何各庄,10
永定镇何各庄西,2
永定门东,15
永定门东街,3
永定门内,22
永定门外,2
永定门汽车站,18
永定门西,20
永旭嘉园,4
永旺路,2
永昌中路,2
永昌中路北口,3
永昌北路,2
永昌北路北口,2
永昌北路南口,4
永昌南路,16
永昌南路南站,20
永昌工业园,2
永泰小区,8
永泰庄东路,5
永泰庄北路,6
永泽北路,2
永泽南路,2
永清北关,2
永澄北路南口,2
永澄路口东,4
永澄路口西,4
永立桥西,6
永青村,2
永靓家园北,4
永靓家园南,2
永顺北街东口,2
永顺村委会,2
永顺路南口,2
永顺路口,2
汇新家园,8
汇景园小区,4
汇林南街,2
汇林南街东站,2
汇鸿家园,2
汇龙森科技园,2
江场村,4
沁水营村,2
沃珅路口,2
沈家村,4
沈家营,2
沈家营镇政府,2
沈庄村路口,2
沐新路北口,2
沙古堆村,4
沙古堆村西,3
沙坨,4
沙坨村南,2
沙垡,2
沙城地税局,2
沙城客运站,4
沙子口,23
沙子口东,4
沙子营公交场站,8
沙子营公交场站东,2
沙子营村北,6
沙子营村南,6
沙岭,2
沙沟路口东,7
沙沟路口北,7
沙沟路口南,5
沙沟路口西,10
沙河,29
沙河(北行),2
沙河(南行),2
沙河北大桥,23
沙河南大桥,7
沙河站,2
沙河西站,6
沙滩路口北,6
沙滩路口南,4
沙滩路口西,16
沙窝桥东,14
沙窝桥北,15
沙窝桥西,10
沙锅村,4
沙锅村南站,4
沙锅村西站,2
沙阳路口,2
沙阳路口南,2
沟东村,2
沟渠村,2
沟渠村口,2
沟自头北口,4
沟自头村,4
沟自头村东站,4
沟西村,2
沮沟村,2
河东村,2
河北村,12
河北镇半壁店,2
河北镇半壁店村口,2
河北镇辛庄,4
河北镇邮局,4
河南台,2
河南寨镇政府,2
河南寨镇政府南,2
河南村,2
河南村村口(临时站),2
河南村路口,2
河堤,8
河庄,6
河庄村委会,2
河槽,4
河沿,6
河滩,10
河滩北站,22
河荫西路,4
沿河,2
沿河路口,4
沿湖小区,2
沿湖小区北门,4
泓鑫家园,12
法制日报社,3
法华寺,32
法城口,2
泗上东站,2
泗上村,6
泗上村西,4
波尔多小区,4
泥河村,6
泰中花园,5
泰中花园东门,3
泰河一街东站,2
泰河一街西口,10
泰河一街西站,4
泰河三街西口,2
泰河园一里,2
泰河园三里,2
泰河园二里,4
泰河园五里,5
泰河园小区,4
泰河路口南,13
泰禾1号小区,3
泰陵园村东,2
泰陵村,2
洋桥东,11
洋桥北,14
洋桥南,11
洋桥西,27
洪村,12
洪村东,2
洪水口,2
洪泰路南口,4
洼里,2
流星花园,9
流星花园一区北门,2
流星花园一区西门,2
流星花园三区西门,4
浅山香邑小区北,2
浙商新城,2
浩庭花园,2
海上海花园小区,4
海子角,9
海子角东口,8
海子角北口,9
海子角北口站,2
海慧寺,4
海户屯,6
海梓府小区,4
海洼子,4
海淀中街,2
海淀五路居,10
海淀公园,14
海淀区残联,12
海淀南路,14
海淀南路西口,23
海淀桥东,12
海淀桥北,17
海淀路东口,3
海淀路西口,3
海淀黄庄东,7
海淀黄庄北,24
海淀黄庄南,9
海淀黄庄西,6
海特花园,6
海运仓,8
海鶄落,4
海鶄落东站,2
海鶄落村委会,4
海鹰路口,2
海鹰路西口,4
涞水东大街东口,2
涞水东环路南口,2
涞水住建局,2
涞水县政府,2
涞水影剧院,2
涞水汽车站,2
涞水涧头村,2
涞阳路口,2
润丰领尚小区,2
润星家园,6
润杰经典小区,4
润枫领尚小区,6
润泽庄园小区,6
润西山小区,2
涧头村东,2
涧头村西,2
涿州开发区,2
淑阳大街西口,2
清华园,16
清华大学西门,26
清华育才实验学校,6
清华附中,20
清和园,16
清岚小镇,2
清林东路南口,2
清欣园,3
清水,2
清水园,2
清水涧,4
清水涧北,2
清水潭路口,4
清水镇政府,2
清水镇新村,2
清河,27
清河中街,4
清河中街西口,6
清河北,9
清河南镇,23
清河大楼,16
清河小营东路,4
清河小营桥北,10
清河小营桥南,31
清河小营桥西,18
清河火车站西广场,6
清河营东路北口,2
清河营东路南口,2
清河营中街,10
清河营中街东口,4
清河营公交场站,6
清河营南一街东口,2
清河营南街,2
清源公园北门,2
清源北路,2
清源西路,2
清源西里,12
清源西里北站,4
清源路东口,12
清源路西口,2
清缘东里,5
清缘里,2
清苑路北口,6
清逸园,2
渐村,2
渤海寨,4
渤海寨南,4
温南路口南,4
温泉,10
温泉公寓,5
温泉北站,6
温泉小镇,2
温泉村,4
温泉苗圃,10
温泉西口,4
温泉路东口,6
温泉辛庄,8
温泉辛庄北站,6
温馨家园,14
温馨家园小区,3
温馨家园西站,6
港北村,4
港馨家园,2
游泳场北路东口,10
湖亦路,4
湖光中街东口,6
湖光中街西口,13
湖光北街东口,7
湖光小区,2
湾子,36
湾子路口南,8
源盛东街西口,4
溪城家园,4
溪水小区,4
溪翁庄,4
溪翁庄东,4
溪阳东路东口,4
满井,8
满井桥,2
满井路东口,2
满金峪村,2
滨榆东路北口,3
滨水雅园东门,2
滨河东里,12
滨河中路,6
滨河西区,12
滨河西里,4
滨河西里北区,2
滨河院,2
滨湖小区,4
演乐胡同,6
漪景园,6
漫水桥,5
漫水河,2
漷兴三街,2
漷县三街,2
漷县三街路口,2
漷县中学,2
漷县南口,2
漷县南口东,2
漷县市场,2
漷县村,2
漷县村十字街,2
漷县村南口,4
漷县村西,2
漷县镇政府,12
漷城西一路路口,2
漷城西三路路口,2
漷城西四路,4
漷城西四路路口,2
漷大路北口,2
漷老路口,2
漷马路口,4
潘家园,2
潘家园东路,3
潘家园桥,9
潘家园桥东,5
潘家园桥北,13
潘家园桥西,4
潘家园路西口,5
潘道庙,4
潞关,2
潞关村,8
潞城地铁站,2
潞河医院,19
潞河医院路口东,6
潞河医院路口西,5
潞河小学东口,2
潞苑二街东口,4
潞苑五街,4
潞苑五街东口,5
潞苑南里,2
潞通新路,2
潞邑西路,8
潞邑西路北站,5
潞阳桥西路,2
潭柘寺,2
潭柘寺镇政府,2
潮白人家小区,8
潮白新城规划馆,4
潮白河孔雀城,4
潮白河滨河大道,4
潮白河英国宫小区,4
潮白馨居,4
澳林春天小区,10
瀛吉街,5
瀛坤路,4
瀛坤路北,4
瀛昌街,3
瀛海工业园,2
瀛海庄,8
瀛海路口东,6
瀛祥路北,2
火器营,6
火器营桥,5
火器营桥西,6
火寺路口西,2
火村口,2
火炬街北口,2
火神营,10
灯市东口,22
灯市西口,10
灰口,2
灰地,2
灰峪村,2
灵境胡同,2
灵秀山庄,6
灵秀山庄东站,6
炎黄艺术馆,32
炎黄艺术馆南门,4
炮厂南门,2
炮厂小区,2
炮厂西小区,2
炮厂西门,2
炼油厂,6
焦家坟路口东,15
焦家坟路口南,17
焦家坟路口西,4
焦庄,4
焦庄南站,4
焦庄桥北,5
焦庄桥西,8
焦村,2
焦沙路口南,2
焦王庄北口,9
焦王庄南口,10
煤市街南口,4
煤矿路口,4
燃气工业园,2
燕丹,4
燕丹村,2
燕丹村北口,2
燕丹路口,4
燕京新城,8
燕京航城北,2
燕保阜盛家园,6
燕保阜盛家园南门,2
燕化动力厂,4
燕化星城一里,4
燕化星城三里,6
燕化星城二里,4
燕化星城四里,4
燕化机械厂,6
燕化研究院,4
燕化聚酯厂,4
燕化设计院,12
燕北畜牧机械厂,4
燕华营,4
燕城苑,4
燕城苑东门,2
燕城苑路口南,8
燕堤南路,2
燕堤南路西口,2
燕山东岭,8
燕山东风街,8
燕山中路南口,4
燕山二一八公交场站,2
燕山体育馆,8
燕山凤凰亭,4
燕山北庄,4
燕山向阳,6
燕山向阳路,2
燕山向阳路南口,2
燕山岗南路,2
燕山影剧院,5
燕山换乘中心,6
燕山春光,4
燕山杏花东里,4
燕山杏花西里,6
燕山水泥厂,8
燕山火车站,6
燕山羊耳峪,8
燕山邮政局,6
燕平家园,4
燕房路北口,4
燕灵路口,14
燕莎桥东,18
燕莎桥北,5
燕莎桥南,23
燕莎桥西,7
燕落寨,4
燕郊中美医院,4
燕郊住达集团,4
燕郊冶金一局,4
燕郊冶金医院,2
燕郊冶金西区,2
燕郊半壁店村,2
燕郊印刷城,6
燕郊印刷城(临时站),2
燕郊富地广场,2
燕郊开发区,4
燕郊总站,3
燕郊火车站口,8
燕郊火车站口(临时站),2
燕郊行宫大市场,4
燕郊行宫宾馆,4
燕郊行宫花园,6
燕郊迎宾路口,9
燕郊食品城,10
燕郊食品城(临时站),2
燕郊首钢生活区,2
爨底下路口,2
牌坊村东口,7
牌楼营村,11
牛坊路口,6
牛堡屯,8
牛堡屯北站,8
牛堡屯南站,8
牛堡屯卫生院,2
牛堡屯西口,2
牛栏山,6
牛栏山一中实验学校,2
牛栏山东口,4
牛栏山小区,2
牛栏山路口,6
牛牧屯桥东,2
牛牧屯检查站西(临时站),2
牛街,11
牛街南口,12
牛街礼拜寺,10
牛街西里,4
牛街路口东,2
牛街路口西,12
牛驼,2
牡丹园,31
牡丹园东,17
牡丹园北,17
牡丹园西,16
物资学院路南口,6
狮子营,4
狮子营西门,2
狼各庄,2
狼垡,10
狼垡东桥北,10
献陵村,2
玉带河西街西口,2
玉林西路,3
玉桃园,14
玉桥东一路北口,2
玉桥东路,16
玉桥东路站,2
玉桥东里,6
玉桥东里南门,4
玉桥中路,14
玉桥中路北口,13
玉桥中路南口,6
玉桥北里,6
玉桥南里,4
玉桥小区,12
玉桥西路南口,4
玉桥西里,10
玉江佳园,6
玉江佳园东门,2
玉泉园,2
玉泉营桥,8
玉泉营桥东,6
玉泉营桥北,21
玉泉营桥南,20
玉泉营桥西,20
玉泉西街,2
玉泉西街南口,2
玉泉路口东,8
玉泉路口北,17
玉泉路口南,26
玉泉路口西,14
玉海园东门,4
玉海园南口,12
玉海园西,10
玉渊潭东门,3
玉渊潭南路,4
玉渊潭南路西口,2
玉渊潭南门,9
玉渊潭西门,5
玉璟园,6
玉甫上营,8
玉甫上营东口,2
玉甫上营北,8
玉甫上营南口,2
玉甫上营村委会,2
玉皇庄小区,2
玉皇庄路北口,2
玉皇庙,2
玉蜓桥西,6
玉衡街,4
王佃庄,2
王佐,2
王佐卫生院,6
王佐学校,10
王佐桥西,6
王佐镇政府,7
王化村,6
王四营,4
王四营桥东,10
王四营桥南,2
王四营桥西,4
王家场,2
王家山,2
王家村,2
王家湾,2
王峪沟,2
王平村,4
王平村北,4
王庄耿楼,2
王府井,8
王府井路口北,8
王府公寓,4
王府温馨公寓,6
王府花园,6
王村路,2
王村路北口,2
王果子村,2
王爷坟,12
王辛庄村,2
环保科技园,10
环湖小区,4
环湖小区东门,3
环湖小区北口,4
环球度假区,2
环行铁道,4
珊瑚桥南,6
珍珠湖路口,2
珠光逸景小区,8
珠宝屯东桥南,2
珠市口南,18
珠市口西,4
珠江丽景小区,2
珠江四季悦城,3
珠江帝景,16
珠江御景小区,2
珠江御景小区东门,2
珠江御景小区北门,8
珠江逸景,5
班各庄,2
琅山,8
琅山路,2
理工睿府,4
琉璃井,10
琉璃厂,4
琉璃厂南,4
琉璃河,2
琉璃河东,4
琉璃河检查站,2
琉璃河水泥厂,3
琉璃河镇政府,2
琉璃渠,6
瑞森国际产业园,3
瑞王坟,6
瑞雪春堂,2
瑶光路,4
瑶光路南口,4
瓜乡桥,2
瓜厂村北口,2
瓜厂村南口,2
瓦井,2
瓦窑,2
瓦窑头,6
瓦窑西站,2
甘家口东,11
甘家口北,9
甘家口大厦,10
甘家口西,3
甘棠,4
甘棠桥西,6
甘石桥,8
甘露园,10
甘露园东,21
甘露园中街南口,3
甘露园北,12
甘露园西,20
甜水园北里,20
甜水园街北口,32
甜水园西里,2
生命园路,6
生命园路北站,6
生命园路南站,6
生命科学园,12
生命科学园东站,4
生命科学园西站,8
生物医药园东门,2
生物医药园西门,4
田上路口北,3
田上路口西,2
田何庄,12
田各庄,4
田园风光雅苑,6
田家园小区,6
田家府,8
田家府北,2
田村,13
田村(东行),2
田村(西行),2
田村东路南口,2
田村中街,13
田村北路,2
田村北路东口,4
田村北路西口,2
田村半壁店,10
田村半壁店东,12
田村半壁店南,6
田村山南路,6
田村西口,15
田顺庄,9
电厂路,6
电子城小区,6
电子城小区南,2
电木厂,2
画眉山路,4
画眉山路东,4
畅和东路,2
畅茜园小区,13
留民营路口,4
留霞峪,6
留霞峪东,6
疃里,2
疃里一区,6
疃里一区南门,4
疃里二区,10
疃里公交场站,8
疃里新村,6
白云桥西,23
白云观,14
白云路,16
白各庄,4
白各庄公交场站,4
白各庄南,6
白各庄新区南,4
白各庄新村,4
白各庄新村西区,4
白各庄村委会,4
白各庄西,4
白坊,18
白坊南,8
白堆子口东,10
白堆子口西,5
白塔寺东,18
白塔寺南,7
白塔庵,7
白塔庵东,10
白塔庵北,12
白塔庵南,8
白塔村,10
白家庄,13
白家庄北,7
白家楼,2
白家楼桥东,6
白家疃,2
白家疃东口,6
白家疃西口,8
白广路北口,3
白庄,2
白庙新村,8
白庙村,7
白庙科印厂,2
白房子,2
白房子东站,2
白房子西站,2
白桥大街,3
白水洼,2
白水洼北站,2
白河公园,4
白河公园北,4
白浮,6
白浮泉路,4
白盆窑,4
白盆窑东,4
白石岭村,4
白石桥东,35
白石桥北,3
白石桥南,14
白石桥西,13
白纸坊,4
白纸坊桥北,13
白纸坊桥南,21
白纸坊桥西,6
白纸坊路口西,8
白草洼,4
白草洼东,4
白草洼西,4
白虎涧路口,2
白辛庄,2
白辛庄南,2
白道子村,2
白鹭岛,2
白鹿司,9
白鹿司东,2
白鹿司北街,4
白鹿司西,2
百万庄,8
百万庄东口,17
百万庄中街,3
百万庄西口,4
百世金谷,2
百合湾小区,20
百善,2
百善东,2
百善公交场站,6
百子湾,8
百子湾东里,2
百子湾南二路西口,2
百子湾家园,6
百子湾家园东站,6
百子湾家园南站,2
百子湾家园西站,4
百子湾桥东,6
百子湾桥南,10
百子湾桥西,6
百子湾路口东,6
百子湾路口西,2
百旺家苑,12
百旺新城,18
百望山森林公园,8
百泉庄一桥西,4
百泉庄东,4
百泉庄西,4
百环家园小区,3
百花山路口,2
皂君东里,10
皂君庙,14
皂君庙东站,6
皂君庙西站,10
皂甲屯,6
皇亭子,10
皇后店南路,4
皇后店南路西口,4
皇木厂,22
皮村,2
皮村西口,10
皮村路口北,4
益丰苑,4
益辰欣园小区,8
盛世国际酒店,2
盛德东兴家园北,2
盛林苑公交场站,2
盛源桥东,6
盛源桥北,4
直属库,2
看丹南路西,4
看丹桥,31
看丹桥东,8
看丹桥北,16
看杨路南口,2
真武庙,14
真武庙三里,2
真武庙四里,2
瞧煤涧路口,2
知兴东路,6
知春路,11
知春里,16
知春里东站,8
知春里路口南,3
石亭村,2
石亭检查站,2
石佛寺,2
石佛营东里,13
石佛营西里,8
石佛营西里东站,3
石佛营路,14
石佛营路南口,14
石厂村,8
石古岩,4
石各庄,6
石各庄东,2
石各庄西,4
石园东区,6
石园东区北门,4
石园北区,4
石园南区,6
石园南大街,6
石府路,4
石府路东,4
石府路西,4
石景山,20
石景山南宫,12
石景山古城,22
石景山水屯,7
石景山游乐园西门,4
石景山火车站,14
石景山科技园,4
石景山科技馆,8
石景山雕塑公园,2
石景山高井,22
石板房,13
石榴园,14
石榴园东,10
石榴园北,2
石榴园南,10
石槽,18
石槽南路西口,6
石河营,4
石油化工科学院,4
石油大学,6
石瓦路口,2
石窝,4
石花洞路口,2
石门北站,2
石门南路,2
石门营,4
石门营新区,6
石门营路口西,2
石龙工业区,10
石龙西公交场站,2
矿建街,6
矿建街北口,2
矿建街南口,2
砂石路口东,2
砂石路口南,2
砖角楼,2
硅谷小区,8
碧桐园小区,4
碧森里小区,2
碧水庄园,16
碧波园,2
碧海公园,8
碱铺村南,2
碱铺村西,2
磁各庄桥,2
磁器口北,18
磁器口南,6
磁器口西,9
磁家务,2
磁家务北站,2
祁家坟,4
祁家豁子,30
祖家街,6
神仙村,2
神仙村路口,2
神武门,14
神牛路口东,2
神牛路口北,2
神路街,16
神驹村,3
神驹村北口,3
祥和乐园小区,11
禄米仓,6
福利农场,10
福宜街,8
福宜街东口,8
福寿岭,4
福源路口,2
福田公墓路,2
福田建材,2
福苑东区,8
福苑小区,8
福苑西区,8
福长街,3
秀园,10
秋露园,8
科丰桥北,10
科丰桥南,14
科创三街东口,2
科创三街东站,2
科创九街西口,5
科创五街东口,2
科创六街西站,4
科创十一街,4
科创十一街东站,8
科创十一街西站,4
科创十七街,4
科创十三街东口,2
科创十三街西站,2
科创十五街,8
科创十六街,6
科创十四街,4
科创十四街东口,2
科创十四街西站,7
科创十街,2
科创四街西站,2
科创街,2
科印小区,22
科学园南里,2
科学园南里中街,2
科学园路,6
科学园路北站,6
科学园路西站,3
科学院南路北口,4
科学院小区,4
科技大学管庄校区,10
科技路,4
科星西路北口,5
科荟桥东,4
科荟桥西,2
科荟路东口,6
科谷二街,2
秦城大桥,2
秦城路口,2
秦家屯,2
秦武姚东,2
积水潭桥东,6
积水潭桥北,4
积水潭桥南,15
程各庄,4
程庄路,6
程庄路北口,6
程庄路南口,6
程庄路口东,12
稻田四路西口,2
稻田回迁楼小区南,2
稻香园,5
稻香湖,6
稻香湖景,2
稻香湖桥东,2
稻香湖桥西,6
稻香湖路南口,2
空军指挥学院,5
空军指挥学院南门,7
空港医院,2
空港新苑南,2
空港物流开发区,6
空港物流开发区南站,4
窑上,4
窑上村,2
窑坡,4
窑坡站,2
窑洼湖桥东,13
窑洼湖桥北,10
窦店公交场站,4
窦店村,4
窦店村东,2
窦店村南,4
窦店镇政府,6
窦营村,2
立军路东口,4
立垡村,6
立新庄,4
立水桥,8
立水桥东二路,2
立水桥东二路北站,2
立水桥北站,26
立水桥北路北口,7
立水桥西站,2
立水桥西路,2
立通路北站,4
立通路南站,5
笃庆堂,4
第二外国语学院,14
管头工业区,2
管头村,2
管头村北口,2
管庄,8
管庄路口北,10
篱笆房,8
篱笆房客运站,4
簸箕营(临时站),2
米市大街,22
索家坟,13
紫上北口,2
紫南家园,8
紫南家园北站,4
紫峰九院城,2
紫竹园小区,2
紫竹桥,3
紫竹桥北,19
紫竹桥南,14
紫竹院北门,2
紫竹院南门,23
紫芳路,3
紫草坞路口,16
紫薇天悦小区,4
紫运中路,4
紫运园小区,2
紫金北路,2
紫金路,6
紫金路南站,2
红军营南路东口,2
红军营南路西口,4
红冶钢厂,2
红冶钢厂东,2
红寺村,4
红寺村西,4
红寺桥,6
红居北街,3
红居街,3
红山口,12
红庙路口东,19
红庙路口东公交场站,2
红庙路口北,20
红庙路口西,18
红房子路口东,5
红房子路口北,6
红房子路口南,6
红房子路口西,3
红旗村,12
红桥路口北,18
红桥路口西,12
红民村,15
红泥沟,16
红煤厂,2
红莲中里,4
红莲南路,7
红莲南路西口,4
红莲南里,8
红莲西二路,2
红莲路,2
红莲路南站,2
红霞路,2
红领巾公园,14
红领巾桥北,6
红领巾桥南,6
纪各庄村,3
纪家庙,13
组干学院站,2
绍家坡,4
经开创业园,4
经海一路,2
经海七路公交场站,2
经海七路北口,2
经海七路南口,5
经海三路,2
经海三路北站,4
经海三路南口,2
经海三路南站,2
经海二路,4
经海二路公交场站,4
经海二路北站,2
经海五路,2
经海五路南口,6
经海产业园,6
经海四路,2
经海四路北站,2
经海路,2
经网路,2
结研所,6
统军庄路口北,4
统军庄路口西,2
绿丰家园东门,4
绿丰家园北门,4
绿友园,2
绿城阳光小区,2
绿城雅居小区,2
绿岛家园,8
绿心公园东南门,4
绿心公园东门,4
绿心公园南门,2
绿心公园西门,2
绿洲家园北门,4
绿色庄园,8
绿荫小区,8
绿谷雅园小区,4
缤纷城,2
缸瓦市,18
罗兰香谷小区,2
罗奇营,4
罗奇营西,4
罗家坟,4
罗庄村,3
罗道庄,6
羊各庄,2
羊各庄村北,2
羊圈头村,2
羊坊村,6
羊坊村南口,10
羊头岗村,4
羊市口,4
美术馆,4
美术馆东,12
美术馆北,9
美林小区北门,4
美林小区南门,4
群芳二园,2
群芳南街,3
群芳园,11
翟各庄村,4
翟各庄村西口,2
翟里村,4
翟里村路口,2
翠城盛园,2
翠城盛园南,2
翠屏北里,15
翠屏北里北,12
翠屏北里小区,3
翠屏南里,12
翠屏南里小区,2
翠屏小区东站,2
翠屏西路,8
翠屏西路北口,12
翠微东里,4
翠微中里,6
翠微南里,4
翠微西里,12
翠微路,2
翠微路口,28
翠成馨园北,2
翠林小区,22
翠柳大街,2
翠海明苑,4
翠海明苑南门,2
翠海明苑西,4
翠湖北路西,2
翠福园小区,8
翠福园西口,4
翠谷玉景苑小区,2
翡翠公园,2
翡翠长安小区东,2
耀华佳苑,4
老古城,16
老君堂,4
老君堂北站,4
老君堂南站,8
老君堂西站,2
老山,14
老山公交场站,4
老山南路东口,10
老山西街,2
老年社区,8
老庄子,2
老庄子南,2
老槐庄村,2
老槐庄村东口,2
老牛湾,4
老牛湾东站,6
老虎庙,16
耿庄,6
耿庄桥北,32
耿庄桥南,12
耿庄桥南站,2
聂各庄,4
聂各庄南,3
联庄桥,2
联想桥南,10
聚富园,5
聚富园二街,2
聚富园北口,5
肖君庙,10
肖家林村北,2
肖家林村南,2
肖家河,22
肖村桥,13
肖村桥北,20
育慧东路,12
育慧北路,2
育慧北路北口,2
育慧南路,5
育慧南路南口,6
育慧西里,4
育慧里,13
育才学校房山分校,2
育才路,2
育政街,2
育新小区,10
育新小区东门,2
育新小区北口,24
育新花园中里,2
育新花园西里,2
育星苑小区,4
育林街西口,2
育知东路北口,2
育知路南口,9
育英街,2
育荣教育园区,2
育龙家园,6
肿瘤医院,10
胜利小区,4
胜利桥,4
胡各庄,11
胡各庄新村,6
胡各庄新村西,6
胡各庄西,12
胡家园北,4
胡家园南,4
胡家垡,4
胡庄路口西,2
自新路口东,8
自新路口北,14
自新路口西,4
臭泥坑,2
臭泥坑村南,2
航丰路口,2
航丰路西口,4
航天中心医院,20
航天城,6
航天城北站,6
航天城南站,6
航天城南门,2
航天城路口东,2
航天城路口西,4
航天桥,4
航天桥东,12
航天桥东公交场站,2
航天桥北,24
航天桥南,23
航天桥西,38
航空博物馆,4
良乡东关,7
良乡东关路口北,7
良乡伟业嘉园,6
良乡北关,7
良乡北关东,3
良乡北关西,3
良乡医院,8
良乡大角,20
良乡机场路口,3
良乡火车站路口,10
良乡西路,7
良乡西门,24
良善庄,2
良坨路口,3
良庄家园,10
色树坟,4
色树坟西,4
色树村,2
艺苑东街西口,6
艾洼,2
芍药居,3
芍药居东,2
芍药居公交场站,2
芦东路南口,2
芦东路南口(临时站),2
芦井,7
芦井村,4
芦城,2
芦城南口,2
芦城西口,2
芦求路北口,4
芦花中路,8
芦花路,8
芦西路口,2
花乡桥,5
花乡桥东,10
花乡桥北,14
花乡桥南,6
花乡桥西,4
花园北路西口,2
花园北里,2
花园小区,6
花园新区,4
花园桥东,15
花园桥北,8
花园桥南,26
花园路北口,3
花家地北里,26
花家地北里西站,8
花家地南街,5
花家地南里,7
花家地西里,14
花家地西里二区,5
花家地西里西站,16
花市路口南,21
花样年华小区,4
花梨坎,10
花溪渡小区,4
花溪渡小区北门,2
花石匠小区,2
花石匠小区东,2
花苑小区,2
花虎沟,10
花虎沟南,5
芳古园,5
芳古园北,4
芳园南里,2
芳园南里西区,2
芳园西街南口,10
芳园西街南口站,2
芳园里,10
芳城园,13
芳草地,12
芳草地南,12
芹峪口,2
苇子庄,2
苇沟,8
苇沟大桥,8
苇沟桥西,5
苇沟环岛,9
苍上村,3
苍头村,2
苏一二村,2
苏二路西口,2
苏坨新村,8
苏坨新村小区,2
苏家坨公交场站,4
苏家坨北路,2
苏家屯,6
苏家屯东,2
苏州桥南,10
苏庄东街,4
苏庄东街北口,11
苏庄东街南口,2
苏庄中路,8
苏庄大街,8
苏庄西街南口,8
苛罗坨,4
英各庄,2
英城,2
英家坟,22
英才北一街,2
英才南三街,4
英才南三街东口,4
苹果园东,22
苹果园中学,21
苹果园北,8
苹果园南,16
苹果园南路东口,22
苹果园南路东站,13
苹果园小区,8
苹果园西,2
苹果园路东口,9
苹果园路西口,2
苹果派小区,2
苹果社区,4
苹果社区东,2
苹果社区北区,2
茂林居,3
茂陵村,2
范各庄,2
范庄,6
茉莉园南路,2
茶坞火车站,2
茶家坟,10
茶棚路,4
茶源路,2
茶源路北口,4
茶马街,2
荆卷,4
荆栗园,2
草厂村,2
草厂村北口,2
草厂村南口,2
草厂村口,2
草场,4
草场地,8
草寺村北,2
草寺村电子学校,2
草寺路口东,2
草房西路北口,6
草房西路南口,3
草桥,29
草桥东路北口,7
荔景园小区东区,2
荔景园小区西区,2
荣京东街,4
荣京东街东口,5
荣京东街西口,2
荣华桥东,6
荣华路南环岛北,2
荷园南路,2
荷园南路西口,2
荷清苑小区,2
莫奈花园小区,4
莱圳家园,2
莱茵湾小区,2
莲宝中路,4
莲宝中路南口,3
莲宝路口东,6
莲宝路口北,12
莲宝路口南,10
莲怡园东路,3
莲怡园北路,2
莲玉桥东,6
莲石湖西路东,2
莲花小区,10
莲花山路口,2
莲花晴园,7
莲花桥,11
莲花池,35
莲花池南路,10
莲花池汽车站,2
莲芳东桥东,6
莲芳东桥北,12
莲芳东桥南,6
莲芳东桥西,4
莲芳桥东,12
莲芳桥南,6
菊园,18
菊园东站,18
菜台,2
菜台小道,2
菜园子,2
菜市口北,15
菜市口西,15
菜户营桥,4
菜户营桥东,21
菜户营桥北,14
菜户营桥南,4
菜户营桥西,7
菜户营西站,20
菜户营西路,4
营城,2
营城子,4
营慧寺,30
落坡岭,4
葛布店,8
葛布店东里,6
葛村,4
葛渠,2
葛渠北口,2
葛渠村西,2
葡东小区,8
葡萄嘴,12
葡萄嘴路口北,6
葡萄嘴路口南,18
董各庄,4
董村,4
葫芦垡,2
葫芦河,2
蒋养房,2
蒋宅口,18
蒋宅口东,4
蒋辛庄村北口,2
蒲方路西口,9
蒲黄榆,19
蓝光海悦城小区,5
蓝天嘉园,2
蓝旗营,16
蓝河湾小区,2
蓝调沙龙小区,10
蓝靛厂,5
蓝靛厂中路,7
蓝龙小区,2
蓟门桥,14
蓟门桥东,14
蓟门桥北,20
蓟门桥南,12
蓟门桥西,26
蓬莱苑南街,2
薄各庄,2
薛营,2
虎坊桥路口东,13
虎坊桥路口南,13
虎坊桥路口西,16
虎坊路,6
虎坊路南口,4
蝶翠苑路口,5
融商三路北口,4
融商六路,2
融商四路,2
融景城公交场站,4
融泽嘉园南区北门,8
融科橄榄城,5
融科钧廷,2
蟹岛度假村东门,16
行宫,2
行宫南门路口,6
行宫小区南门,2
行宫小区西门,6
衙门口,2
衙门口上街,3
衙门口东,15
衙门口公交场站,5
衙门口村,6
衙门口桥北,6
衙门口西,8
衙门村,6
装甲兵干休所,8
裕丰街东站,2
裕丰街西站,2
裕园路,2
裕园路北口,6
裕园路北站,2
裕民中路,2
裕民中路南口,2
裕陵村,2
褚各庄,2
褚各庄南,2
褡裢坡村,2
西一村,2
西三旗,4
西三旗桥东,24
西三旗桥北,22
西三旗桥南,18
西三旗桥西,14
西上园,10
西上园小区南,2
西上园小区西门,12
西下庄东,6
西下庄北,5
西下庄南,15
西下庄西,2
西下营村委会,2
西下营村西口,2
西东村,4
西丰乐,2
西丰乐北口,2
西二旗,10
西二旗北站,8
西二旗北路,4
西二旗大街,10
西五号村,4
西五号村北,2
西井,2
西井小区,4
西井路,6
西便门,15
西便门外,18
西八间房,14
西军庄,6
西北地村,4
西北旺,18
西北旺东村,8
西北旺二街,2
西北旺西路,2
西华门,2
西单商场,18
西单路口东,7
西单路口南,20
西单路口西,3
西南章(临时站),2
西周燕都遗址,2
西四丁字街,4
西四路口东,10
西四路口北,17
西四路口南,2
西四路口西,4
西坝河,29
西坝河东里,8
西坝河北里,2
西坝河路,2
西坟村,4
西城三里河,11
西埠头,4
西埠头河滩,4
西大坨,2
西大望南路,4
西大望南路南口,4
西大街路口东,27
西大街路口西,27
西太平庄村,2
西安门,18
西定安村,2
西小口路口北,4
西小口路口南,4
西小口路西口,2
西小庄科,2
西小营,10
西小营南站,8
西小马,14
西小马庄园,6
西局,24
西局欣园,2
西局玉园,2
西局玉璞园,2
西山林语公交场站,2
西山湖小区,2
西峰山,2
西平庄,8
西平庄西口,2
西庄店,2
西店,4
西店环岛,8
西总屯,2
西悦雅居,3
西拨子,6
西斋堂,2
西新城村,2
西智,4
西杭子,2
西板桥,3
西榆林新村,2
西榆林老村,2
西水泉,2
西永和屯村,2
西沙各庄,4
西沙各庄东,4
西沙各庄西,4
西沙屯,6
西河各庄村,2
西洪泰庄,4
西洼地,14
西海洪,2
西潞南大街,4
西潞园,10
西潞苑小区,20
西玉河,2
西玉河公交场站,4
西王佐,4
西王佐北,6
西王庄小区,10
西王路,2
西环中路,4
西环北路,4
西环南路,12
西田各庄,4
西田阳,4
西田阳村,2
西白家窑,4
西白岱,4
西白岱西,2
西直河,4
西直河南站,2
西直河西站,2
西直门,7
西直门公交场站,12
西直门内,6
西直门南,14
西直门外,34
西石古岩,4
西石府,2
西管头,10
西粉营,2
西红门,10
西红门公交场站,10
西红门北站,12
西红门医院,2
西红门南站,12
西红门西站,12
西红门路东口,4
西翠路口东,10
西翠路口北,5
西翠路口西,14
西老店,2
西老店公交场站,2
西胡林,2
西苑,43
西苑北站,19
西苑医院,14
西苑枢纽站,8
西范各庄,2
西范各庄东,2
西营房,10
西营房西,10
西贯市,4
西赵各庄,2
西赵村,4
西辛力屯,2
西辛小学,4
西辛峰,2
西辛房,6
西辛房西,6
西道口,32
西道口东,6
西道口北站,4
西钓鱼台,40
西铁营,7
西门路口北,4
西门路口南,2
西闸,2
西陈各庄,2
西陈各庄东,2
西集,3
西集中学,2
西集卫生院,2
西集教科楼,2
西集村东口,2
西集环岛,2
西集镇,4
西马各庄北街西口,2
西马各庄村,2
西马各庄村西口,2
西马场,17
西马场北口,17
西马场南里,3
西马小区,4
西马庄,7
西马庄南门,2
西马庄小学,2
西黄垡村,2
西黄城根,2
西黄城根南街,2
西黄村,14
西黄村北站,18
西黄村西口,6
观林园小区北门,2
观澜墅,2
观音堂,6
观音堂东,2
观音堂北,6
觅子店,2
觅子店中学,2
觅子店卫生院,2
觅子店开发区,2
觅子店路口,6
角门,8
角门北路,16
角门北路东口,12
角门南站,10
角门路口,4
解字石,2
解放军263医院,2
解放军263医院西,2
解放村桥东,4
诸葛店,6
谢家楼村,6
谢家楼村南,4
谢楼村,2
豆各庄,8
豆各庄乡政府,4
豆各庄公交场站,4
豆各庄新村,4
豆各庄新村南,6
豆各庄新村西,4
豆各庄桥,8
豆各庄路口东,2
豆各庄路口北,2
豆各庄路口南,11
豆各庄路口西,29
象房,2
豹房,18
财政学院,2
财贸学院,3
贵园东里,9
贵园南里,8
贵园小区,8
贺村,6
贾家花园,2
贾山,2
贾山村南,2
贾武路口东,4
赖马庄,2
赢秋苑,4
赴任辛庄,2
赵亩地村路口,2
赵全营,2
赵全营东口,2
赵公口桥南,16
赵公口桥西,22
赵各庄,6
赵家庄,15
赵家庄南,4
赵山小区,5
赵庄子,2
赵庄子北站,2
赵沟子村,2
赵登禹路北口,4
赵辛店,4
赵辛店北,6
赵辛店村,4
超前路,2
跃进路口南,2
路庄,6
路庄桥北,4
路庄桥南,4
路新沥青厂,4
路松街,2
路松街西站,2
车公庄东,5
车公庄北,9
车公庄北街,2
车公庄南,11
车公庄南街,3
车公庄西,9
车厂村,2
车厂村北,2
车道沟桥,6
车道沟桥(北行),2
车道沟桥(南行),2
车道沟桥东,28
车道沟桥西,7
软件园东站,14
软件园北站,6
软件园南站,8
软件园广场,17
软件园西区,6
辛力庄,2
辛安屯村,3
辛庄,4
辛庄南路南口,8
辛店,8
辛店村,34
辛店村中街,2
辛店村北,2
辛店路西口,6
辛开口,2
辛开口东(临时站),2
辛瓜地路,2
辛集村,2
辟才胡同,8
辟才胡同东口,5
辟才胡同西口,5
边槐庄村,4
达子营,2
达官营,43
达摩口,2
迁民屯,2
过街楼,8
迎宾东路,2
迎宾东路北口,2
迎宾路南口,4
迎风南路东口,4
运乔嘉园,21
运成街,2
运河中学高中部,2
运河明珠家园,14
运河湾小区,12
运河源建材城,4
运潮馨苑小区,2
远大路,10
远大路东口,18
远大路西口,4
远洋山水小区,2
远洋山水小区东,2
远洋山水小区南,8
远洋山水小区西,8
远通桥西,6
连家营,2
连心园北门,4
连心园西门,2
迪昌工业园,2
送变电公司,10
送变电公司南,10
送变电公司路口西,8
通州三间房,6
通州东关,9
通州东关西,19
通州东关西站,3
通州交通队,10
通州何各庄村,2
通州佟麟阁大街,19
通州军庄村,2
通州凤港基地,7
通州北关,3
通州北苑路口东,42
通州北苑路口东(万达广场),2
通州北苑路口南,11
通州北苑路口西,23
通州区中医医院,2
通州半壁店,12
通州半壁店新村,10
通州南关,6
通州南关西,8
通州古城村,10
通州后营村,2
通州国税局,2
通州大辛庄,4
通州姚村,7
通州姚村南,4
通州富豪村,2
通州小街桥东,38
通州小街桥东站,2
通州小辛庄村,3
通州崔各庄,2
通州李庄,9
通州李庄北,2
通州杨坨,2
通州杨坨桥西,5
通州杨庄,8
通州杨庄北口,8
通州杨庄南口,8
通州火车站,2
通州田村,2
通州白庙村,5
通州石槽村,8
通州石槽村北,6
通州第二医院,30
通州苏庄村,9
通州西站,8
通州西门路口东,34
通州西门路口北,15
通州西门路口南,5
通州车站路口北,2
通州车站路口西,6
通州靛庄,12
通州马坊村,4
通州驸马庄,3
通惠北路北口,13
通惠北路南口,17
通惠桥东,2
通顺路路口,2
通马路口,4
造甲村,13
造甲村东,14
邓家窑,10
邓家窑桥北,2
邓庄,14
邓庄南路,2
邓庄南路东站,2
邓庄南路西站,2
邓庄村,2
邢各庄,2
邮政研究院,26
邵各庄,2
邵家营,2
郁花园,10
郁花园一里,2
郁花园三里,2
郁花园二里,4
郁花园二里东门,2
郁金香花园,7
郁金香花园南门,2
郎各庄,2
郎各庄东,2
郎各庄西,2
郎家园,30
郎府,4
郎辛庄,2
郎辛庄北,2
郑二营,2
郑常庄,23
郝家湾,8
郝庄子,2
郝庄子南,2
郭公庄,4
郭公庄中街,4
郭公庄南街,2
郭公庄南街东口,2
郭公庄西,10
郭公庄路北口,2
郭家场桥,6
郭家场桥东(东行),3
郭家场桥东(西行),3
郭家场桥南,3
郭家场桥西,3
郭家村,20
郭家村南,8
郭家村南站,8
郭庄子公交场站,6
郭庄路口,2
郭翟村,2
郭辛庄西口,2
都市芳园,4
酒仙桥,24
酒仙桥东路北口,2
酒仙桥东路南口,6
酒仙桥中心小学,21
酒仙桥中路西口,2
酒仙桥公交场站,2
酒仙桥南,8
酒仙桥商场,17
采伟路北口,2
采和路,2
采四小区,2
采石南路南口,3
采石路口,12
采育,4
采育东街,2
采育中街,2
采育公交场站,4
采育南口,2
采育路口,2
里二泗村,16
里二泗村北口,13
里二泗村西口,2
里二泗村路口,2
重兴寺,6
重聚园小区,2
重聚路,2
重聚路西口,2
野溪,6
金侨时代家园,4
金华路口,2
金卫路西口,2
金台路口东,13
金台路口北,6
金台路口南,19
金台路口西,10
金叵罗,4
金各庄,2
金各庄村,4
金地仰山西区,2
金地朗悦,2
金地格林小区,4
金域华府西门,8
金域缇香小区,4
金安桥东,19
金安桥北,2
金安桥西,13
金安路西口,2
金宝花园北区,5
金宝花园南区,4
金家坟,2
金家村桥东,8
金家村桥北,12
金庄,10
金府北路,4
金府北路东站,2
金府南路东站,2
金惠园北门,2
金日吉通工业园,2
金明园小区,2
金星庄,8
金星西路,2
金星西路口南,2
金桥产业园区,2
金桥北门,12
金桥小学,4
金桥西街,2
金榆路南口,4
金榆路高安屯,2
金榆路高安屯北站,2
金沟河,14
金沟河东路,2
金沟河桥南,2
金沟河路,8
金沟河路东口,8
金沟河路西口,10
金泰丽富嘉园,12
金海学校,8
金田恒业工业园,4
金盏,10
金盏卫生院,12
金盏嘉园,8
金盏嘉园东,8
金盏嘉园西,6
金盏村,2
金苑路,3
金苑路口南,4
金茂悦小区北门,2
金荣园,10
金蝉北路西口,4
金蝉北里,6
金蝉南路西口,5
金蝉南里,8
金蝉西路,5
金蝉西路南口,6
金融街园中园,2
金融街园中园一区,2
金融街园中园二区,2
金西路西口,4
金鑫苑,6
金铭路口,2
金隅瑞和园,4
金雀街,2
金顶北街,6
金顶北路,6
金顶南路,35
金顶街三区,12
金顶街五区,3
金顶街北口,10
金顶路西口,2
金马工业开发区,6
金驹家园,2
金鱼池,16
鑫湖家园,2
鑫福里小区,6
鑫诚公司(临时站),4
鑫隅三街,2
鑫隅三街东,2
针织路口东,2
针织路口西,2
钓鱼台,6
钟楼北桥北,12
钱粮胡同,8
铁十六局,12
铁四局,2
铁家坟东,3
铁家坟北,4
铁家坟南,6
铁家坟西,3
铁狮子坟,33
铁辘轳把,3
铁道部十八局设计院,2
铜厂,4
银保产业园,2
银地家园,6
银地家园东,4
银地家园南,2
银河大街,17
银狐洞路口,2
铸造村,10
铸钟厂,6
铺头村,2
铺头村路口,5
铺胡路,4
铺西路西口,4
锅炉厂南路东口,4
锡拉胡同,2
锦绣大地,4
锦绣街,4
锦绣街东站,8
锦芳北街,2
锦芳路,2
镇岗塔路南口,6
长丰园一区,10
长丰园二区,10
长于南大街,2
长城环岛,5
长子营开发区,2
长店路口东,11
长店路口南,2
长春桥,6
长春桥东,10
长春桥路,11
长椿街路口东,10
长椿街路口北,10
长椿街路口西,18
长沟,4
长沟中学,4
长沟检查站,4
长沟沿村,2
长沟镇政府,4
长营路口,2
长虹桥东,11
长虹桥北,6
长虹桥南,4
长虹桥西,15
长辛店,6
长辛店公园西门,2
长辛店北口,14
长辛店医院,8
长辛店南口,14
长阳一村,2
长阳半岛北区,6
长阳滨水公园南,6
长阳碧桂园,16
长阳镇政府,2
长阳镇温馨家园,2
长陵,6
长陵园,2
长陵园村北,2
门头新村,4
门头村,6
门头沟东胡林,2
门头沟南村,4
门头沟教委小区,4
门头沟西胡林,2
门头馨村南区,6
闫家营,2
闵庄,12
闵庄南路北口,2
闵庄南里,2
阎村,20
阎村桥公交场站,2
阜外医院,3
阜外西口,17
阜安西路,8
阜安路,3
阜成门,25
阜成门内,26
阜成门北,19
阜成门南,11
阜成门外,17
阜永路口南,8
阜永路口西,6
阜玉路口北,9
阜玉路口南,6
阜通东大街,8
阜通东大街东口,4
阜通东大街西口,5
阜通西大街西口,5
防灾科技学院,8
阳光(临时站),2
阳光丽景小区,2
阳光南大街,3
阳光星苑小区,4
阳光美园北门,6
阳台山路东口,4
阳坊,4
阳坊北站,4
阳坊南站,4
阳坊村,4
阿尔法小区,2
阿苏卫,4
陆辛庄村,2
陆辛庄村东口,2
陇驾庄,6
陇驾庄东口,6
陇驾庄西口,6
陈列馆路,2
陈列馆路口,2
陈各庄,15
陈各庄村,2
陈家台,2
陈家庄,6
陈家林,15
陈庄,16
陈庄桥北,2
陈桁村,2
陈留村,4
陵园路口,6
陶家坟,6
陶庄,4
陶然亭公园北门,8
陶然亭公园南门,23
陶然亭路东口,4
陶然桥东,3
陶然桥北,17
隆恩寺,4
隆恩寺路,4
隆恩寺路南口,4
隆盛产业园,23
隆盛工业园,3
雁翅,2
雅宝路,8
雅居西路东口,2
雅特家园,2
集贤桥,4
雍和宫,9
雍和宫桥东,14
雍家村,10
雍王府,10
雪山村,3
雷达站,2
霄云桥,4
霍各庄,4
霍家营社区东站,2
霍屯村,17
霍营,10
霍营东路北口,2
霍营公交场站,14
霍营北口,8
霍营西路,2
霍营西路南口,2
霞光里,4
霸州一中,2
霸州市政府,2
霸州火车站,2
青云市场,4
青云店(临时站),2
青云店公交场站,2
青云店敬老院,4
青塔,20
青塔小区,2
青塔桥北,12
青塔桥南,2
青塔蔚园,10
青塔西路,5
青塔西路北站,6
青塔西路南站,6
青山,4
青山路口,2
青岛嘉园,2
青岛嘉园西门,2
青年公寓,10
青年北路,4
青年沟,10
青年沟东口,6
青年沟西口,10
青年路口东,6
青年路口北,14
青年路口南,6
青年路口西,14
青年路小区,12
青年路小区南站,5
青春路七院,2
青春路南口,2
青海城小区,2
青白口,2
青秀城东区,2
青青家园,7
青龙桥,4
青龙河,2
青龙河东,2
靓景名居小区,2
靓景明居,3
靓景明居小区,3
静安庄,12
静安庄东,13
静安庄西,6
静淑苑,18
靛厂新村,6
靛厂村,4
靛厂村南站,6
靛厂锦园,2
靠山居艺墅,4
靳七营,2
韩各庄,4
韩园子,2
韩家川,2
韩家川北站,2
韩家川村,2
韩庄子北,12
韩庄子南,10
韩村河,4
韩村河西,4
顶秀欣园,6
顺丰大街,4
顺义东大桥,10
顺义临河北,2
顺义于庄,2
顺义于辛庄,2
顺义五中,4
顺义公园,2
顺义公路局,2
顺义区医院,6
顺义医院,6
顺义半壁店,12
顺义半壁店西站,8
顺义古城,4
顺义古城东大街,6
顺义古城公交场站,4
顺义古城村北,4
顺义古城西大街,4
顺义妇幼保健院,2
顺义官庄路口,2
顺义彩虹桥,4
顺义樱花园,4
顺义樱花园六区,4
顺义樱花园北,4
顺义滨河南口,4
顺义滨河小区,4
顺义焦各庄村,2
顺义电视台,6
顺义白各庄,6
顺义老年公寓,4
顺义西门,6
顺义铁匠营,10
顺义马连店,14
顺四条,4
顺恒大街西,2
顺悦家园,2
顺玮阁小区,2
顾册,6
顾册东口,2
顾家庄,8
顾家庄桥东,2
顾家庄桥北,4
顾家庄桥南,2
领秀翡翠山小区,2
颐和园,10
颐和园北宫门,10
颐和园新建宫门,6
颐和园西门,6
颐和园路东口,30
颐和山庄,10
颐和山庄南站,8
颐慧佳园路南口,2
颐瑞东路,2
颐瑞中三路北口,2
颐瑞中二路,7
颐瑞中二路北口,7
颐瑞中二路南口,8
颐瑞西里,4
风芳园,4
风雅园北,10
食品厂(临时站),5
饶乐府,12
首体南路南口,4
首创美澜湾小区,2
首发物流,2
首安公司,4
首尔甜城,2
首座御园,2
首座御园一区,2
首座御园东门,2
首座御园北门,2
首科花园南门,2
首经贸南路东口,4
首经贸西校区,8
首邑上城小区,2
首邑上城小区北,2
首邑溪谷小区,4
首都图书馆,12
首都师范大学(良乡),4
首都师范大学北门,6
首都机场路北口,2
首钢医院,7
首钢厂东门,15
首钢小区,22
首钢小西门,16
首钢焦化厂,2
首钢西十冬奥广场,2
首钢设备库,2
首钢试验厂,4
香园路口北,2
香堂,2
香屯,2
香山,8
香山公园东门,2
香悦四季小区,4
香村营,2
香村营西站,2
香水湾,2
香江北岸小区,2
香江北岸小区东,2
香江北岸小区西,2
香江北路西口,2
香河三中,2
香河公安局,2
香河北收费站,4
香河园,4
香河园路西口,3
香河家具城东口,2
香河家具城西口,2
香河总站,4
香河文化广场,2
香河文化广场西,2
香河文化艺术中心,2
香河新华大街西口,3
香河新城广场,2
香河新城街西口,2
香河新开街东口,2
香河白庙村南口,4
香河迎宾路南口,2
香泉环岛,16
香苇路,9
香苇路东口,2
香苇路西站,12
馨港庄园,2
馨港庄园西门,2
马凤岗,2
马务一队,2
马务三队,2
马务村,2
马务村一队,2
马务村三队,2
马务村大队,2
马南里,13
马厂,8
马厂东,4
马各庄东,2
马圈,14
马坊村,2
马坊村桥,2
马坊桥北,2
马坡花园,7
马坡花园北,2
马坡花园南,6
马堤村,8
马堤村东,6
马大路西口,2
马头山桥,4
马头村,8
马官营,2
马官营西,7
马家堡东口,21
马家堡公交场站,6
马家堡小区,16
马家堡路,6
马家楼桥北,23
马家沟,15
马家湾,6
马家湾西,6
马尾沟,5
马尾沟西,2
马庄,2
马庄村,4
马朱路口,2
马村,4
马村公交场站,2
马武寨,2
马泉营,2
马泉营商场,2
马泉营家园,2
马泉营村南口,2
马泉营村西口,2
马泉营西路南口,2
马甸桥东,23
马甸桥北,16
马甸桥南,26
马甸桥西,13
马神庙,12
马营村,2
马连店东,6
马连店北,2
马连店南口,8
马连店村,6
马连洼,18
马连洼北路东口,16
马连洼西站,18
马连道,7
马连道中里,3
马连道南口,6
马连道南街,3
马连道西里,8
马驹桥,8
马驹桥一号桥,20
马驹桥二号桥,8
马驹桥六号桥,4
马驹桥北门口,8
马驹桥商业街,14
马驹桥新桥,11
马驹桥邮局,8
驸马庄,6
驹子房,2
驹子房东站,2
驹子房路口,4
驼房营,6
驼房营北,2
驼房营路,2
骊龙园西门,2
骑河楼,12
骚子营,22
高下路口,2
高丽营,4
高丽营一村,2
高丽营一村南,2
高丽营东,2
高丽营北口,2
高井路口南,6
高井路口西,22
高佃一路,4
高佃一路南口,4
高安屯,2
高安屯路南口,12
高家园,11
高家园社区,4
高崖口,2
高崖口乡,2
高庙,8
高教园中街,4
高教园中街东站,4
高教园北三街东站,2
高教园北二街,4
高教园北四街西站,2
高杨树,4
高杨树北,4
高梁桥,5
高楼村,6
高楼金村,6
高楼金第小区,2
高碑店,4
高碑店南站,4
高碑店桥东,10
高碑店桥北,4
高碑店桥南,2
高立庄,8
高立庄南路,2
高立庄南路东口,2
高立庄村东,2
高米店,28
高营村,2
高营村北口,2
高营村南口,2
高营村口,2
高里掌,14
高里掌东站,6
高里掌村,2
高鑫家园,6
高铺,2
魏公村,20
魏公村路,6
魏公村路西口,4
魏各庄,2
魏各庄西站,2
魏家店,2
魏家胡同,8
魏家营,2
魏村,2
魏窑村,2
魏窑村西,2
鲁各庄,4
鲁城村,4
鲁城村西口,2
鲁家滩村口,4
鲁家滩西口,4
鲁疃嘉园,2
鲁疃嘉园南区,2
鲁疃嘉园西,2
鲁谷,11
鲁谷公交场站,20
鲁谷西站,16
鲁谷路东口,18
鲍新庄北口,2
鸿业兴园,4
鸿博家园,4
鸿博家园二期东,2
鸿翔城,2
鹿圈,2
鹿海园三里,5
鹿海园五里东门,6
鹿海园公交场站,10
鹿海园四里,8
鹿海园四里南门,3
鹿海园小区,10
麓景嘉园北里,2
麦庄,6
麦钟桥,7
麻峪,10
麻峪北口,18
麻峪站,2
黄东仪村,2
黄南苑小区,9
黄南苑小区南,7
黄厂,2
黄厂路,4
黄厂路北口,2
黄厂铺,2
黄厂铺北口,4
黄厂铺村,4
黄厂铺村北口,2
黄土岗,9
黄土店,8
黄土店火车站,2
黄垡,2
黄垡北站,2
黄家场,2
黄寺,2
黄寺大街东口,2
黄寺大街西口,2
黄寺总政大院,2
黄庄,4
黄庄东站,4
黄木厂路北口,2
黄杉木店,10
黄杉木店路,4
黄杉木店路北口,4
黄村东大街东口,8
黄村东大街东口北,8
黄村东大街东口南,8
黄村公园,5
黄村火车站,8
黄村火车站东,12
黄村火车站北,8
黄村西大街,12
黄渠村,8
黄港村,2
黄港村西,2
黄港桥,2
黄港桥西,2
黄瓜园村,4
黄管屯,4
黄管屯北,4
黄草湾,2
黄辛庄路口,16
黄鹅路,2
黎各庄,8
黑垡,2
黑天桥,4
黑山大街,2
黑山扈,14
黑山扈北口,12
黑庄户,2
黑庄户西口,2
黑桥,6
黑泉路,4
黑石头,16
黑石头村,2
黑石头路南口,2
黑龙关,2
鼎盛街,2
鼓楼,15
鼓楼北,4
鼓楼外大街北站,10
鼓楼外大街南站,11
鼓楼桥南,4
鼓楼桥西,5
齐善庄,10
齐善庄南站,9
齐善庄村,2
齐家庄,2
齐庄,2
龙乡小区,2
龙乡苑,6
龙兴园北区,2
龙兴园北门,4
龙华园,13
龙华园东,12
龙华园北,13
龙华园南,14
龙华园站,2
龙博苑三区,2
龙域北街,8
龙域北街东口,8
龙域西一路南口,4
龙宝峪,2
龙山街,2
龙岗路东口,8
龙庄村,2
龙庄村客运站,2
龙泉务,6
龙泉务北口,6
龙泉宾馆,2
龙泉小学,2
龙泉峪,2
龙泉检测场,2
龙泉花园,6
龙泉西公交场站,6
龙泉驾校,4
龙湖别墅,4
龙潭公园,18
龙潭湖,3
龙潭湖游泳池,7
龙潭路,2
龙爪树,2
龙爪树南里,2
龙王头,4
龙祥嘉园,2
龙祥嘉园南门,2
龙禧苑三区北门,2
龙禧苑三区路口西,10
龙禧苑二区西门,7
龙禧苑五区西门,6
龙腾苑一区路口北,4
龙腾苑一区路口西,6
龙腾苑三区东门,4
龙腾苑三区西门,3
龙腾苑二区东门,2
龙腾苑二区南门,6
龙腾苑二区路口东,2
龙腾苑五区东门,4
龙腾苑六区东门,6
龙腾苑四区东门,2
龙腾苑四区北门,4
龙腾苑四区西门,4
龙腾街西口,2
龙苑别墅,2
龙跃苑一区东门,2
龙跃苑一区南门,4
龙跃苑一区西门,4
龙跃苑一区路口东,9
龙跃苑三区东门,4
龙跃苑三区西门,2
龙跃苑东二区东门,6
龙跃苑东五区西门,2
龙跃苑东四区东门,4
龙跃苑二区东门,4
龙跃苑四区东门,2
龙跃苑四区北门,6
龙跃苑四区西门,2
龙锦三街,8
龙锦苑一区,4
龙锦苑一区西门,4
龙锦苑东一区北门,2
龙锦苑东三区西门,2
龙锦苑东二区北门,12
龙锦苑东二区南门,8
龙锦苑东五区南门,8
龙锦苑二区,4
龙锦苑五区北门,3
龙锦苑公交场站,10
龙锦苑六区,8
龙锦苑四区,7
龙锦苑四区西门,2
龙门一区,2
龙门三区,2
龙门二区,2
龙鼎家园,11
龚村东口,4
